SR. NO,Model,UPC,SKU,Option,Item Name (English),Category Name ( Arabic),Item Name (Arabic),RRP,REMARKS,Unnamed: 10,Tag (English),"Tag,(Arabic)",SEO,English Desc,Arabic Desc
1,,,7D-A3161H11,,ANKER SOUNDCORE FLARE - BLACK,,انكر ساوند كور فلير سبيكر - أسود,24.0,,,"ANKER,SOUNDCORE,FLARE,BLACK","انكر,ساوند,كور,فلير,سبيكر,أسود",ANKER-SOUNDCORE-FLARE-BLACK,"
360° Sound
Give everyone in the room stage-side passes; Flare powers intense 360° sound via back-to-back full-range drivers and thumping bass radiators.

BassUp Technology
A customized digital signal processor first analyzes, then enhances your music's bass frequencies in real time. This audio signal is then turned into intensified sound via state-of-the-art neodymium drivers. Just press the BassUp button and prepare yourself for power.

Beat-Driven Light Show
Watch a halo of LEDs phase, pulse, and shine with the rhythm of your music for a completely immersive audiovisual experience. 5 customizable modes elevate the atmosphere of any event or setting.

Soundcore App
Flare is the first speaker to utilize the all-new Soundcore app; simple-but-powerful software that allows complete customization of Flare's sound and lights via smartphone or tablet.

Pool Party Proof
No matter where the music needs to be, Flare is suited up and ready. Super-safe IPX7 protection effortlessly withstands spills, rain, and even complete submersion in water. *We do not recommend partying underwater without breathing apparatus.

Beat Goes On & On & On
Soundcore's Anker heritage offers world-renowned power management technology. Enjoy almost 250 songs from a single charge and make sure the party never ends early—if you can keep dancing Flare can keep playing.

*Note:
For optimal performance in Wireless Stereo Mode, position speakers within 16 ft (5 m) of each other indoors, or 48 ft (15 m) in open spaces.
","صوت 360 درجة
امنح كل شخص في الغرفة تمريرات جانبية ؛ يقوم Flare بتشغيل صوت مكثف بزاوية 360 درجة عبر مشغلات كاملة النطاق متتالية ومشعات الجهير المذهلة.

تقنية باس اب
يقوم معالج الإشارات الرقمية المخصص أولاً بتحليل الترددات الجهير للموسيقى ، ثم تحسينها في الوقت الفعلي. يتم تحويل هذه الإشارة الصوتية بعد ذلك إلى صوت مكثف عبر أحدث محركات النيوديميوم. فقط اضغط على زر BassUp واستعد للقوة.

عرض ضوء تحركها الايقاعات
شاهد هالة من المرحلة ، والنبض ، والتألق مع إيقاع موسيقاك لتجربة سمعية بصرية غامرة تمامًا. 5 أوضاع قابلة للتخصيص ترفع من جو أي حدث أو مكان.

تطبيق Soundcore
Flare هو أول مكبر صوت يستخدم تطبيق Soundcore الجديد كليًا ؛ برنامج بسيط ولكنه قوي يسمح بالتخصيص الكامل للصوت والأضواء في Flare عبر الهاتف الذكي أو الكمبيوتر اللوحي.

إثبات حزب التجمع
بغض النظر عن المكان الذي يجب أن تكون فيه الموسيقى ، فإن Flare مناسب وجاهز. حماية IPX7 فائقة الأمان تقاوم بسهولة الانسكابات والمطر وحتى الغمر الكامل في الماء. * لا نوصي بالحفلات تحت الماء بدون جهاز تنفس.

ايقاع يستمر بلا توقف
يقدم تراث Anker من Soundcore تقنية إدارة الطاقة ذات الشهرة العالمية. استمتع بما يقرب من 250 أغنية من عملية شحن واحدة وتأكد من أن الحفلة لا تنتهي مبكرًا أبدًا - إذا كان بإمكانك الاستمرار في الرقص ، يمكنك مواصلة اللعب.

* ملاحظة:
 للحصول على الأداء الأمثل في وضع الاستريو اللاسلكي ، ضع مكبرات الصوت على مسافة 16 قدمًا (5 م) من بعضها البعض في الداخل ، أو 48 قدمًا (15 مترًا) في الأماكن المفتوحة.
"
2,,848061041057.0,7D-A3235H11,,ANKER SOUNDBUDS SLIM - BLACK,,انكر ساوندبودز سلِم سماعة أذنين لاسلكية بلوتوث – أسود,13.5,OUT OF STOCK,,"ANKER,SOUNDBUDS,SLIM,BLACK","انكر,ساوندبودز,سلِم,سماعة,أذنين,لاسلكية,بلوتوث,–,أسود",ANKER-SOUNDBUDS-SLIM-BLACK,"• Listen Up: Precision engineered 6mm drivers, fed via Bluetooth 5, offer powerful and skip-free audio.
• Find Your Fit: Lightweight design with customizable Ear Tips and EarWings give anyone a strong and comfortable fit.
• Leading Playtime: Listen for up to 10 hours on a single charge. Enough juice to soundtrack your day.
• IPX7 Waterproof: Superior protection against liquids such as rain, sweat, and water.
• What's In The Box: SoundBuds Slim, XS/S/M/L Ear Tips, S/M/L EarWings, Fit Clip, Shirt Clip, Micro USB Cable, Travel Pouch, welcome guide, our worry-free 18-month and friendly service.","• اسمع بوضوح: توفر محركات الأقراص بدقة 6 مم المصممة بدقة والتي يتم تغذيتها عبر تقنية Bluetooth 5 صوتًا قويًا وخاليًا من التخطي.
• يمكن التحكم بمستوى الصوت من خلال السماعة.
• سماعات خفيفة الوزن وضبط الاستخدام.
• يمكن سماع الموسيقى فيها لمدة سبع ساعات.
• مقاومة للماء بمعيار IPX4.
• يوجد في الصندوق : سماعات انكر ، سماعة الأذن المطاطية بحجم صغير / صغير / وسط / كبير ، كُلاب مطاطي للأذن بحجم صغير / وسط / كبير ، مشبك صغير ، مشبك كبير.
• كيبل مايكرو يوسبي ، كيس لحفظ السماعة السفر ، كتيب تعليمات."
3,,,7D-A3270HF1,BLACK/GRAY,ANKER SOUNDBUDS LIFE - BLACK/GRAY,,انكر ساوند بودز لايف سماعات أذن اللاسلكية بسوار للرقبة – أسود / رمادي,17.5,OUT OF STOCK,,"ANKER,SOUNDBUDS,LIFE,BLACK,GRAY","انكر,ساوند,بودز,لايف,سماعات,أذن,اللاسلكية,بسوار,للرقبة,–,أسود,رمادي",ANKER-SOUNDBUDS-LIFE-BLACK-GRAY,"High-Fidelity Music
8.6mm drivers deliver rich, powerful audio. Multi-size EarTips ensure a comfortable, tailored fit and efficient noise isolation. Simply plug in and focus on your sounds.

Listen Longer
Grab up to 20 hours of audio, or 24h of talktime thanks to exclusive Anker battery technology. Fully charge in just 90 minutes, or add 1.5 hours of music from a quick 10 minute recharge.

Intuitive Design
A lightweight, yet sturdy silicon neckband delivers a comfortable and supportive hold. Taking a break from the tunes? Simply clip the earbuds together for effortless storage.

Water Resistant
Built for lifeproof performance; IPX5 engineering means you can lock-in and listen in the rain, or sweat it out at the gym.

A Great Call
SoundBuds Life are ideal for hands free calling, thanks to a built-in microphone, call vibration and CVC noise reduction. An in-line remote makes managing your music, and answering your phone ultra simple.

Note:
Hold vol+ for 2 seconds to skip track forward.
Hold vol- for 2 seconds to skip track back.","موسيقى عالية الدقة
استمع إلى مقطوعاتك الموسيقية المفضلة واسرح بخيالك مع أنغامها مع سماعة الأذن البلوتوث الرياضية من انكر. فهي مزودة بإطار بقياس 8.6 ملم يمنحك أداء صوتياً نقيًا وواضحًا. كما أنها متوفرة بمقاسات متعددة تمكنك من استخدام السماعة بسهولة وراحة إلى جانب عزلها الفعال للضوضاء. فما عليك سوى أن تقوم بتوصيل سماعة الرأس هذه والتخلص من جميع الضوضاء التي حولك والاستمتاع بتجربة استماع رائعة. كما تحتوي سماعة الرأس على سوار للرقبة مصنوع من السيليكون، يتميز بأنه متين وخفيف الوزن مما يمنحه ثباتًا على رقبتك. يمكنك تخزين سماعة الأذن بسهولة فقط عن طريق تثبيت كلا جانبي السماعة معًا.

بطارية استثنائية
تتميز سماعة الأذن البلوتوث الرياضية من انكر باللون الأسود بتقنية بطارية انكر التي تتيح لك الاستماع إلى المقاطع الصوتية لمدة تصل إلى 20 ساعة أو التحدث مع أحبائك لمدة تصل إلى 24 ساعة بمرة شحن واحدة فقط. يمكن شحنها بالكامل في 90 دقيقة فقط. فإذا كنت على عجلة من أمرك يمكنك شحن سماعة 
الأذن لمدة 10 دقائق فقط والاستمتاع بالاستماع إلى أغانيك المفضلة لمدة ساعة ونصف بدون انقطاع.

ميكروفون وهيكل استثنائي
تتميز سماعة الأذن الرياضية من انكر بهيكل IPX5 الهندسي الذي يتيح لك الاستماع إلى مقطوعاتك المفضلة أثناء هطول الأمطار أو التعرق في صالة الألعاب الرياضية. بالإضافة إلى الميكروفون المدمج الذي يتيح لك إجراء المكالمات بدون استخدام اليدين وتقنية سي في سي لخفض الضوضاء. كما يٌمكنك جهاز التحكم عن بُعد الموجود بالسماعة من إدارة الموسيقى الخاصة بك والرد على مكالماتك الهاتفية بأقصى قدر من السهولة."
3,,,7D-A3271H11,BLACK,ANKER SOUNDBUDS LIFE - BLACK,,انكر ساوندبودز لايت سماعات أذنين لاسلكية بلوتوث – أسود,14.0,OUT OF STOCK,,"ANKER,SOUNDBUDS,LIFE,BLACK","انكر,ساوندبودز,لايت,سماعات,أذنين,لاسلكية,بلوتوث,–,أسود",ANKER-SOUNDBUDS-LIFE-BLACK,,
4,,,7D-A3370K11,,ANKER SOUNDCORE INFINI MINI - BLACK,,انكر ساوند كور إنفيني ميني مكبر صوت - أسود,29.5,OUT OF STOCK,,"ANKER,SOUNDCORE,INFINI,MINI,BLACK","انكر,ساوند,كور,إنفيني,ميني,مكبر,صوت,أسود",ANKER-SOUNDCORE-INFINI-MINI-BLACK,"• 21 inches of room-filling sound: infiniti Mini's two full-range drivers and bass port Fuel immersive cinema sound, while its compact build makes it the perfect fit FOR smaller spaces
• Adapt your audio: music and movie modes tailor sound output to your entertainment
• Multiple input options: use the optical or aux cables to connect to your TV, or use Bluetooth to stream content directly from your mobile devices
• Easy to use: Conveniently control via the remote or built-in buttons
• What you get: SoundCore infiniti mini, power adapter, Remote control, 2 × AAA batteries, 1.5 m RCA to 3.5mm stereo audio cable, 1.5 m digital Optical cable, 2 × wall mount screw plugs and screws, user Manual, our worry-free 18-month warranty, and friendly customer service","• قم بتكييف الصوت لديك: تكيف أوضاع الموسيقى والأفلام الإخراج الصوتي حسب برامجك الترفيهية.
• خيارات إدخال متعددة: استخدم الكابلات الضوئية أو المساعدة للتوصيل بالتلفزيون الخاص بك، أو استخدم البلوتوث لبث المحتوى مباشرة من أجهزتك المحمولة
• سهلة الاستخدام: تحكم مريح من خلال جهاز التحكم عن بعد أو الأزرار المدمجة
• ما تحصل عليه: جهاز ساوند كور انفينيتي ميني، محول طاقة، جهاز تحكم عن بعد، بطاريتا AAA، كابل تحويل ار سي ايه بطول 1.5 متر إلى صوت ستيريو 3.5 ملم، كابل بصري رقمي بطول 1.5 متر، 2 × سدادات براغي تثبيت على الحائط، دليل المستخدم، ضماننا لمدة 18 شهرًا وخدمة عملاء سلسة بلا متاعب.
• 21 إنش لصوت يملأ الغرفة: يؤجج محولا الطاقة كاملا النطاق في سماعة انفينيتي ميني ومنفذ صوت باس الصوت السينمائي الغامر، بينما يجعله تصميمه الصغير مناسبًا للمساحات غير الواسعة."
5,,848061056433.0,7D-A34020F1,,ANKER SOUNDCORE SPIRIT PRO - BLACK/GRAY,,انكر ساوند كور سبيريت برو سماعات رأس – أسود,18.5,,,"ANKER,SOUNDCORE,SPIRIT,PRO,BLACK,GRAY","انكر,ساوند,كور,سبيريت,برو,سماعات,رأس,–,أسود",ANKER-SOUNDCORE-SPIRIT-PRO-BLACK-GRAY,"Soundcore Spirit Pro
The Wireless Bluetooth Earphones with Dual EQ
Better Than IP
Even the highest IPX-ratings are simply not enough to defend against the corrosive power of sweat. Spirit implements a submarine-inspired structure and an impermeable hydro-seal to create a barrier around the sensitive internal components.
Dual EQ Modes
Don’t let your music fall behind as your workout intensifies. Unleash a heavy-hitting wave of sound with deeper bass when you switch to workout mode.
Exceptional Playtime
Drawing from Soundcore’s Anker heritage, Spirit Pro is engineered with a premium Li-ion battery and exclusive power management technology. This ultra-efficient combination offers 10 hours of non-stop music to keep your workouts covered for the whole week.
Optimized Sound Quality
To preserve sound data and ensure you hear your music in high quality, Spirit Pro is equipped with aptX high-fidelity audio and 6 mm graphene drivers.
Convenient Calls
A built-in microphone and 3-button remote are built into Spirit Pro’s neckband for easy control. Stereo calling enhances the call experience by enabling you to hear the person on the other end in both earbuds.
Customize Your Fit
EarTips and EarWings are supplied in multiple sizes, allowing you to find your perfect fit and create a better seal for improved passive noise cancellation.
Note: Thanks to Spirit Pro's extreme waterproof protection, it does not require a cover for its charging port.","ساوند كور سبيريت برو
سماعات البلوتوث اللاسلكية مع المعادل المزدوج

أفضل من الـ IP
حتى أعلى تصنيفات IPX ليست كافية ببساطة للدفاع ضد القوة المسببة للتآكل للعرق. تقوم Spirit بتنفيذ هيكل مستوحى من الغواصة وختم مائي غير منفذ لإنشاء حاجز حول المكونات الداخلية الحساسة.

أوضاع معادل مزدوجة
لا تدع موسيقاك تتأخر مع اشتداد التمرين. أطلق العنان لموجة عالية من الصوت مع جهير أعمق عند التبديل إلى وضع التمرين.

وقت لعب استثنائي
استنادًا إلى تراث Anker لشركة Soundcore ، تم تصميم Spirit Pro ببطارية Li-ion المتميزة وتقنية إدارة الطاقة الحصرية. يوفر هذا المزيج الفائق الكفاءة 10 ساعات من الموسيقى بدون توقف للحفاظ على تدريباتك مغطاة طوال الأسبوع.

جودة صوت محسنة
للحفاظ على بيانات الصوت والتأكد من أنك تسمع الموسيقى الخاصة بك بجودة عالية ، تم تجهيز Spirit Pro بصوت عالي الدقة aptX ومحركات الجرافين 6 مم.

مكالمات مريحة
تم دمج ميكروفون مدمج وجهاز تحكم عن بُعد بثلاثة أزرار في طوق حول الرقبة لـ Spirit Pro لسهولة التحكم. تعمل ميزة الاتصال الاستريو على تحسين تجربة المكالمة من خلال تمكينك من سماع الشخص على الطرف الآخر في كلتا سماعات الأذن.


مخصصة لتناسبك
يتم توفير EarTips و EarWings بأحجام متعددة ، مما يتيح لك العثور على الملاءمة المثالية وإنشاء ختم أفضل لإلغاء الضوضاء السلبي المحسن.

ملاحظة: بفضل الحماية الفائقة للماء من سبيريت برو ، فإنها لا تتطلب غطاء لمنفذ الشحن الخاص بها."
6,,,7D-A3701011,,ANKER SOUNDBUDS MONO BLUETOOTH - BLACK,,انكر ساوندبودز بلوتوث أحادية - أسود,9.5,OUT OF STOCK,,"ANKER,SOUNDBUDS,MONO,BLUETOOTH,BLACK","انكر,ساوندبودز,بلوتوث,أحادية,أسود",ANKER-SOUNDBUDS-MONO-BLUETOOTH-BLACK,"Anker Mono BT
The Bluetooth Headset with Superior Call Quality

...No, You Hang Up!
High-performance battery provides up to 15 hours of talk time or 10 days of standby from a single charge.

Crystal-Clear Connection
SoundBuds Mono BT is equipped with Bluetooth 4.1 and cVc noise cancellation technology for a stable connection and superior call quality.

All Day Wear
WingTips in multiple sizes and a detachable EarHook ensure SoundBuds Mono BT remains securely in place while you go about your day.

3-Button Control
Easy to use controls allow you to conveniently answer calls on-the-go, play or pause music, and adjust the volume.","أنكر مونو BT
سماعة بلوتوث بجودة اتصال فائقة

مكالمات بلا توقف
توفر البطارية عالية الأداء ما يصل إلى 15 ساعة من وقت التحدث أو 10 أيام من وضع الاستعداد من شحنة واحدة.

اتصال فائق الوضوح
تم تجهيز SoundBuds Mono BT بتقنية Bluetooth 4.1 و cVc لإلغاء الضوضاء من أجل اتصال مستقر وجودة اتصال فائقة.

ارتداء طوال اليوم
تضمن WingTips بأحجام متعددة وخطاف الأذن القابل للفصل بقاء SoundBuds Mono BT في مكانها بشكل آمن أثناء قضاء يومك.

3 أزرار للتحكم
تتيح لك أدوات التحكم سهلة الاستخدام الرد بسهولة على المكالمات أثناء التنقل وتشغيل الموسيقى أو إيقافها مؤقتًا وضبط مستوى الصوت."
7,,848061040623.0,7D-A7142H11,,ANKER DASHBOARD AND WINDSHIELD CAR MOUNT - BLACK,,انكر حامل هواتف على لوحة قيادة و زجاج السيارة,8.0,OUT OF STOCK,,"ANKER,DASHBOARD,AND,WINDSHIELD,CAR,MOUNT,BLACK","انكر,حامل,هواتف,على,لوحة,قيادة,و,زجاج,السيارة",ANKER-DASHBOARD-AND-WINDSHIELD-CAR-MOUNT-BLACK,"• Easy installation.
• Strong, adjustable grip for almost any phone.
• Designed with highly-flexible ball-joint rotation.
• Customise location, length and angle to optimise display.
• Secure suction.
• Simple quick button-press to free your phone.

Features:
Convenient & Secure
A secure spring-loaded cradle with silicone-padded grips ensures your phone stays secure throughout your drive.
The adjustable design expands to fit almost any phone (2.1 to 3.7 inches wide) and keeps it securely fixed throughout your drive.

Infinite Viewing Angles
An extendable arm providing an extra 2.4 inch reach with a 260 degree arc and a highly-flexible ball joint allow you to easily adjust your phone to the perfect angle.

Secure Mounting
The suction clamp base implements a 2-step locking mechanism for a stronger grip.
Mount your phone on your dashboard or windshield, confident it is secure.

Hassle-Free Installation
Mounting is easily managed in less than half a minute.
Set up the mount, insert your phone, and drive away.","• سهل التركيب.
• قبضة قوية وقابلة للتعديل لأي هاتف تقريبًا.
• مصممة مع دوران مفصل كروي عالي المرونة.
• تخصيص الموقع والطول والزاوية لتحسين العرض.
• شفط آمن.
• بسيطة سريعة الضغط على زر لتحرير هاتفك.

المميزات:

مريح وآمن
يضمن المهد الآمن الذي يتم تحميله بنابض والمقابض المبطنة بالسيليكون بقاء هاتفك آمنًا طوال فترة القيادة.
يتوسع التصميم القابل للضبط ليناسب أي هاتف تقريبًا (بعرض 2.1 إلى 3.7 بوصات) ويحافظ عليه ثابتًا بشكل آمن طوال محرك الأقراص.

زوايا مشاهدة لانهائية
يتيح لك الذراع القابل للتمديد وصولًا إضافيًا يبلغ 2.4 بوصة مع قوس 260 درجة ومفصل كروي شديد المرونة لضبط هاتفك بسهولة على الزاوية المثالية.

تركيب آمن
تقوم قاعدة مشبك الشفط بتنفيذ آلية قفل من خطوتين لقبضة أقوى.
قم بتركيب هاتفك على لوحة القيادة أو الزجاج الأمامي ، واثق من أنه آمن.

تركيب خالي من المتاعب
يمكن إدارة التركيب بسهولة في أقل من نصف دقيقة.
قم بإعداد الحامل وأدخل هاتفك وابتعد."
8,ANKER CABLES,,7D-A8168H91,0.9M,ANKER POWERLINE+ USB-C TO USB 3.0 - 0.9M/3FT - RED,,انكر وصلة شحن باورلاين بلص يو اس بي سي إلى يو اس بي 3 0.9 متر/ 3 قدم - أحمر,5.0,OUT OF STOCK,,"ANKER,POWERLINE+,USB-C,TO,USB,3.0,0.9M,3FT,RED","انكر,وصلة,شحن,باورلاين,بلص,يو,اس,بي,سي,إلى,يو,اس,بي,3,0.9,متر,3,قدم,أحمر",ANKER-POWERLINE+-USB-C-TO-USB-3.0-0.9M-3FT-RED,"Overview: 
From ANKER, America's Leading USB Charging Brand.
Faster and safer charging with our advanced technology.
20 million+ happy users and countin.
Features:
Superspeed Syncing
Transfer data to and from all your USB devices at speeds of up to 5 Gbps. That's an HD movie or over 1000 songs every 5 seconds.

High-Speed Charging
Use any phone charger, portable charger or multi-port USB charger to charge your new MacBook, ChromeBook Pixel or other USB-C devices via this cable.

Unrivaled Durability
PowerLine+ may be the last cable you'll ever need. Proven to last at least 5 times as long as other cables, it boasts a bend tolerance 5 times higher. It is simply one of the most durable cables, ever.

Compatible Devices : 
Nexus 5X/6P
MacBook (2016)/MacBook Pro 13.3''/MacBook Pro 15.4''
Nintendo Switch
Google Chromebook/Pixel C
Google Pixel/Pixel XL","نظرة عامة:
من ANKER ، العلامة التجارية الرائدة لشحن USB في أمريكا.
شحن أسرع وأكثر أمانًا مع تقنيتنا المتقدمة.
20 مليون + مستخدم سعيد وعد.

مميزات:
مزامنة فائقة السرعة
انقل البيانات من وإلى جميع أجهزة USB بسرعات تصل إلى 5 جيجابت في الثانية. إنه فيلم عالي الدقة أو أكثر من 1000 أغنية كل 5 ثوان.

شحن عالي السرعة
استخدم أي شاحن هاتف أو شاحن محمول أو شاحن USB متعدد المنافذ لشحن جهاز MacBook أو ChromeBook Pixel الجديد أو أجهزة USB-C الأخرى عبر هذا الكابل.

متانة لا مثيل لها
قد يكون PowerLine + آخر كابل ستحتاج إليه. ثبت أنها تدوم 5 مرات على الأقل مثل الكابلات الأخرى ، فهي تتميز بتحمل الانحناء أعلى 5 مرات. إنه ببساطة أحد أكثر الكابلات متانة على الإطلاق.

الأجهزة المتوافقة:
Nexus 5X / 6P
MacBook (2016) / MacBook Pro 13.3 بوصة / MacBook Pro 15.4 بوصة
نينتندو سويتش
جوجل كروم بوك / بكسل سي
جوجل Pixel / Pixel XL"
8,ANKER CABLES,,7D-A8169H91,1.8M,ANKER POWERLINE+ USB-C TO USB 3.0 - 1.8M/6FT - RED,,انكر وصلة شحن باورلاين بلص يو اس بي سي إلى يو اس بي 3 1.8 متر/ 6 قدم - أحمر,7.0,,,"ANKER,POWERLINE+,USB-C,TO,USB,3.0,1.8M,6FT,RED","انكر,وصلة,شحن,باورلاين,بلص,يو,اس,بي,سي,إلى,يو,اس,بي,3,1.8,متر,6,قدم,أحمر",ANKER-POWERLINE+-USB-C-TO-USB-3.0-1.8M-6FT-RED,,
9,ANKER CABLES,,7D-A8187H91,,ANKER POWERLINE+ USB-C TO USB-C 2.0 - 0.9M/3FT - RED,,انكر وصلة شحن باورلاين بلص يو اس بي سي إلى يو اس بي 2.0   0.9 متر/ 3 قدم - أحمر,5.0,OUT OF STOCK,,"ANKER,POWERLINE+,USB-C,TO,USB-C,2.0,0.9M,3FT,RED","انكر,وصلة,شحن,باورلاين,بلص,يو,اس,بي,سي,إلى,يو,اس,بي,2.0,0.9,متر,3,قدم,أحمر",ANKER-POWERLINE+-USB-C-TO-USB-C-2.0-0.9M-3FT-RED,"PowerLine+ USB-C to USB 2.0
The Premium Nylon-Braided Cable

From ANKER, America's Leading USB Charging Brand
Faster and safer charging with our advanced technology
20 million+ happy users and counting

Incredibly Durability
Proven to last at least 6 times as long as other cables, it boasts a bend tolerance 6 times higher. It is simply one of the most durable cables, ever. So strong, in fact, it will support a hanging weight over 80kg.

Full-Speed Charging
Engineered from exceptional materials and hardware; designed to ensure superior speed and reliability. Fully compatible with Qualcomm Quick Charge and most other high-speed charging protocols. A 56k Ohm pull-up resistor provides worry-free use with any device.

Proven Compatibility
PowerLine+ has been precision engineered to provide a secure and reliable fit with any USB-C device. Our rigorous in-house tests confirm seamless physical compatibility with all tested devices.

Fully Compatible Devices:
- Galaxy S8/S8+
- HTC 10
- Sony XZ
- LG V20/G5/G6
- Xiaomi 5

Compatible Devices (limited charging speeds):
- Nexus 5X/6P
- MacBook (2016)/MacBook Pro 13.3''/MacBook Pro 15.4''
- Google Chromebook/Pixel C
- Google Pixel/Pixel XL
- Huawei Mate 9/P10
- MOTO Z/Z Force
- One Plus 3","باور لاين + يو اس بي سي إلي يو اس بي 2.0
الكابل المضفر بالنايلون الممتاز

من ANKER ، العلامة التجارية الرائدة لشحن USB في أمريكا
شحن أسرع وأكثر أمانًا مع تقنيتنا المتقدمة
20 مليون + مستخدم سعيد والعد مستمر

متانة لا تصدق
ثبت أنها تدوم 6 مرات على الأقل مثل الكابلات الأخرى ، فهي تتميز بتحمل الانحناء أعلى 6 مرات. إنه ببساطة أحد أكثر الكابلات متانة على الإطلاق. قوية جدًا ، في الواقع ، ستدعم وزنًا معلقًا يزيد عن 80 كجم.

شحن كامل السرعة
مصممة من مواد وأجهزة استثنائية ؛ مصممة لضمان السرعة والموثوقية الفائقة. متوافق تمامًا مع Qualcomm Quick Charge ومعظم بروتوكولات الشحن عالية السرعة الأخرى. يوفر المقاوم للسحب 56 كيلو أوم استخدامًا خاليًا من القلق مع أي جهاز.

توافق مثبت
تم تصميم PowerLine + بدقة لتوفير توافق آمن وموثوق مع أي جهاز USB-C. تؤكد اختباراتنا الداخلية الصارمة التوافق المادي السلس مع جميع الأجهزة المختبرة.

أجهزة متوافقة تمامًا:
• جالكسي S8 / S8 +
• HTC 10
• سوني XZ
• LG V20 / G5 / G6
• شاومي 5
الأجهزة المتوافقة (سرعات شحن محدودة):
• Nexus 5X / 6P
• MacBook (2016) / MacBook Pro 13.3 بوصة / MacBook Pro 15.4 بوصة
• جوجل كروم بوك / بكسل سي
• جوجل Pixel / Pixel XL
• هواوي ميت 9 / بي 10
• قوة MOTO Z / Z
• ون بلس 3"
10,ANKER CABLES,848061040975.0,7D-A8342H41,,ANKER USB-C HUB WITH HDMI - SILVER,,انكر محول يو اس بي هب مع اتش دي ام أي - فضي,20.0,OUT OF STOCK,,"ANKER,USB-C,HUB,WITH,HDMI,SILVER","انكر,محول,يو,اس,بي,هب,مع,اتش,دي,ام,أي,فضي",ANKER-USB-C-HUB-WITH-HDMI-SILVER,"PowerExpand+ 7-in-1 USB-C PD Media Hub
The USB, HDMI, SD Card, and Power Delivery Charging Station
All The Ports You Need
Get 2 USB-A data ports, 1 USB-C Power Delivery charging port, 1 USB-C data port, 1 HDMI port, 1 microSD card slot, and 1 standard SD slot—all in one hub
Power Delivery Compatible
Supports up to 100W (minus 15W for operation) pass-through charging so you can power up a 15” MacBook Pro at full speed—all while accessing the hub’s other functions. (Charger not included).
Crystal-Clear Display
Don’t waste time switching back and forth between programs or documents. Simply connect to an external monitor via the 4K HDMI port for an easier and more productive experience.
Transfer Files in Seconds
Transfer movies, photos, and music at speeds up to 5 Gbps via the USB-C data port and dual USB-A ports.
Universal SD Card Compatibility
The SD and microSD card slots support virtually all SD card formats for seamless access to photos and other media files.
Compatible Devices Include:
• MacBook Pro (2020 / 2019 / 2018 / 2017 / 2016)
• MacBook Air (2020 / 2019 / 2018)
• Pixelbook (2017)
• Incompatible Devices:
• Nintendo Switch, Apple USB SuperDrive, Original XPS 13 stock adapter
• Devices That Do Not Support USB-C Media Display
• VivoBook L203MA Ultra-Thin, VivoBook 15 Thin and Light Laptop
• ZenBook 13 Ultra-Slim Laptop
• 100e Chromebook 2nd Gen
• Ideapad L340 Gaming Laptop
• 2-in-1 11.6"" Convertible Chromebook Touchscreen Laptop (2020)
• 15.6"" HD Touchscreen Laptop, 15” FHD Laptop, 14"" Touchscreen Home and Business Laptop
• Aspire 5 Slim Laptop
Supported Systems:
Windows 10, 8, 7, Vista, XP, Mac OS X 10.6 or later, Linux 2.6.14 or later, iPad OS","موزع وسائط PowerExpand +  7 في 1 USB-C PD
USB و HDMI و SD Card ومحطة شحن توصيل الطاقة

كل المنافذ التي تحتاجها
احصل على منفذي بيانات USB-A ومنفذ شحن USB-C للشحن ومنفذ بيانات USB-C ومنفذ HDMI وفتحة بطاقة microSD وفتحة SD قياسية - كل ذلك في مركز واحد.

متوافق مع توصيل الطاقة
يدعم ما يصل إلى 100 واط (أقل من 15 واط للتشغيل) للشحن المار حتى تتمكن من تشغيل جهاز MacBook Pro مقاس 15 بوصة بأقصى سرعة - كل ذلك أثناء الوصول إلى وظائف المحور الأخرى. (الشاحن غير مدرج).

شاشة فائقة الوضوح
لا تضيع وقتك في التبديل بين البرامج أو المستندات. ما عليك سوى التوصيل بشاشة خارجية عبر منفذ HDMI بدقة 4K للاستمتاع بتجربة أسهل وأكثر إنتاجية.

نقل الملفات في ثوان
انقل الأفلام والصور والموسيقى بسرعات تصل إلى 5 جيجابت في الثانية عبر منفذ بيانات USB-C ومنافذ USB-A المزدوجة.

توافق بطاقة SD العالمية
تدعم فتحات بطاقة SD و microSD جميع تنسيقات بطاقات SD تقريبًا للوصول السلس إلى الصور وملفات الوسائط الأخرى.




تشمل الأجهزة المتوافقة:
• MacBook Pro (2020/2019/2018/2017/2016)
• MacBook Air (2020/2019/2018)
• Pixelbook (2017)

الأجهزة غير المتوافقة:
• نينتندو سويتش ، محرك Apple USB SuperDrive ، محول أصلي XPS 13
• الأجهزة التي لا تدعم عرض وسائط USB-C
• VivoBook L203MA نحيف للغاية ، كمبيوتر محمول VivoBook 15 رفيع وخفيف الوزن
• جهاز كمبيوتر محمول ZenBook 13 فائق النحافة
• 100e Chromebook الجيل الثاني
• كمبيوتر محمول للألعاب Ideapad L340
• 2 في 1 11.6 ""كمبيوتر محمول قابل للتحويل بشاشة تعمل باللمس Chromebook (2020)
• كمبيوتر محمول بشاشة لمس عالية الدقة مقاس 15.6 بوصة ، وكمبيوتر محمول عالي الدقة مقاس 15 بوصة ، وكمبيوتر محمول بشاشة تعمل باللمس مقاس 14 بوصة
• لاب توب أسباير 5 سليم

الأنظمة المدعومة:
Windows 10 و 8 و 7 و Vista و XP و Mac OS X 10.6 أو أحدث ، Linux 2.6.14 أو أحدث ، iPad OS."
11,ANKER CABLES,848061041088.0,7D-A8432H11,BLACK,ANKER POWERLINE II LIGHTNING - 0.9M /3FT - BLACK,,انكر باورلاين 2 كابل لايتننغ بطول 0.9 متر – أسود,5.0,,,"ANKER,POWERLINE,II,LIGHTNING,0.9M,3FT,BLACK","انكر,باورلاين,2,كابل,لايتننغ,بطول,0.9,متر,–,أسود",ANKER-POWERLINE-II-LIGHTNING-0.9M-3FT-BLACK,"Strength In Numbers: Extreme reinforcement ensures internal wiring is protected to keep phones charging—able to support over 175 lb (80kg).
Ultimate Durability: lasts 12X longer than other cables and proven to withstand over 12000 bends in strict laboratory tests.
Charge fast: mfi certification and strict quality testing ensure your Apple devices are charged safely, at their fastest possible speed.
What You Get: Anker PowerLine II (3ft/0.9m including both ends), our fan-favorite 18-month warranty and friendly customer service.
PowerLine II Lightning Cable
The Cable That’s Yours For Life
From Strength to Strength
PowerLine II tolerates being bent over 12,000 times, lasting an enormous 12x longer than other Lightning cables.
Certified Compatibility
MFi certification means total peace of mind because PowerLine II is completely Apple authorized. Designed to work flawlessly with iPhone, iPad, iPod or any device with a Lightning port.
Lasts a Lifetime
To show our belief in PowerLine II, we are offering a hassle-free replacement for all quality issues. Not for half a year, not for 18 months, but for an entire lifetime. It may be the last cable you’ll ever need to buy.
Compatible With:
iPhone 11 / X / XS / XR / XS Max / 8 / 8 Plus / 7 / 7 Plus / 6s / 6s Plus / 6 / 6 Plus / 5s / 5c / 5, iPad Pro / Air / Air 2, iPad mini / mini 2 / mini 3 / mini 4, iPad (4th generation), iPod nano (7th generation), iPod touch (5th generation), AirPods and AirPods with Wireless Charging Case.","القوة في الأرقام: يضمن التعزيز الشديد حماية الأسلاك الداخلية للحفاظ على شحن الهواتف - قادرة على دعم أكثر من 175 رطلاً (80 كجم).
متانة قصوى: تدوم 12 مرة أطول من الكابلات الأخرى وثبت أنها تتحمل أكثر من 12000 انحناء في الاختبارات المعملية الصارمة.
الشحن السريع: تضمن شهادة مؤسسات التمويل الأصغر واختبارات الجودة الصارمة شحن أجهزة Apple الخاصة بك بأمان وبأقصى سرعة ممكنة.
ما تحصل عليه: Anker PowerLine II (3 أقدام / 0.9 م بما في ذلك كلا الطرفين) ، ضماننا المفضل لمدة 18 شهرًا وخدمة العملاء الودودة.
كابل Lightning PowerLine II
الكابل الذي تملكه مدى الحياة
من قوة إلى قوة
يسمح PowerLine II بالانحناء أكثر من 12000 مرة ، ويدوم 12 مرة أطول من كابلات Lightning الأخرى.
التوافق المعتمد
تعني شهادة MFi راحة البال الكاملة لأن PowerLine II مرخص بالكامل من Apple. مصمم للعمل بشكل لا تشوبه شائبة مع iPhone أو iPad أو iPod أو أي جهاز به منفذ Lightning.
يدوم مدى الحياة
لإظهار إيماننا بـ PowerLine II ، نقدم بديلاً خالٍ من المتاعب لجميع مشكلات الجودة. ليس لمدة نصف عام ، وليس لمدة 18 شهرًا ، ولكن طوال العمر. قد يكون هذا هو آخر كابل تحتاج إلى شرائه.
متوافق مع:
iPhone 11 / X / XS / XR / XS Max / 8/8 Plus / 7/7 Plus / 6s / 6s Plus / 6/6 Plus / 5s / 5c / 5 ، iPad Pro / Air / Air 2 ، iPad mini / mini 2 / mini 3 / mini 4 ، iPad (الجيل الرابع) ، iPod nano (الجيل السابع) ، iPod touch (الجيل الخامس) ، AirPods و AirPods مع علبة الشحن اللاسلكي."
11,ANKER CABLES,848061041118.0,7D-A8432H21,WHITE,ANKER POWERLINE II LIGHTNING - 0.9M /3FT - WHITE,,انكر باورلاين 2 كابل لايتننغ بطول 0.9 متر – أبيض,5.0,,,"ANKER,POWERLINE,II,LIGHTNING,0.9M,3FT,WHITE","انكر,باورلاين,2,كابل,لايتننغ,بطول,0.9,متر,–,أبيض",ANKER-POWERLINE-II-LIGHTNING-0.9M-3FT-WHITE,,
11,ANKER CABLES,848061041163.0,7D-A8432H31,BLUE,ANKER POWERLINE II LIGHTNING - 0.9M /3FT - BLUE,,انكر باورلاين 2 كابل لايتننغ بطول 0.9 متر – أزرق,5.0,,,"ANKER,POWERLINE,II,LIGHTNING,0.9M,3FT,BLUE","انكر,باورلاين,2,كابل,لايتننغ,بطول,0.9,متر,–,أزرق",ANKER-POWERLINE-II-LIGHTNING-0.9M-3FT-BLUE,,
12,ANKER CABLES,848061041262.0,7D-A8433H21,,ANKER POWERLINE II LIGHTNING - 1.8M/6FT - WHITE,,انكر باورلاين 2 كابل لايتننغ بطول 1.8 متر – أسود,6.0,,,"ANKER,POWERLINE,II,LIGHTNING,1.8M,6FT,WHITE","انكر,باورلاين,2,كابل,لايتننغ,بطول,1.8,متر,–,أسود",ANKER-POWERLINE-II-LIGHTNING-1.8M-6FT-WHITE,"Strength In Numbers: Extreme reinforcement ensures internal wiring is protected to keep phones charging—able to support over 175 lb (80kg).
Ultimate Durability: lasts 12X longer than other cables and proven to withstand over 12000 bends in strict laboratory tests.
Charge fast: mfi certification and strict quality testing ensure your Apple devices are charged safely, at their fastest possible speed.
What You Get: Anker PowerLine II (6ft/1.8m including both ends), our fan-favorite 18-month warranty and friendly customer service.
PowerLine II Lightning Cable
The Cable That’s Yours For Life
From Strength to Strength
PowerLine II tolerates being bent over 12,000 times, lasting an enormous 12x longer than other Lightning cables.
Certified Compatibility
MFi certification means total peace of mind because PowerLine II is completely Apple authorized. Designed to work flawlessly with iPhone, iPad, iPod or any device with a Lightning port.
Lasts a Lifetime
To show our belief in PowerLine II, we are offering a hassle-free replacement for all quality issues. Not for half a year, not for 18 months, but for an entire lifetime. It may be the last cable you’ll ever need to buy.
Compatible With:
iPhone 11 / X / XS / XR / XS Max / 8 / 8 Plus / 7 / 7 Plus / 6s / 6s Plus / 6 / 6 Plus / 5s / 5c / 5, iPad Pro / Air / Air 2, iPad mini / mini 2 / mini 3 / mini 4, iPad (4th generation), iPod nano (7th generation), iPod touch (5th generation), AirPods and AirPods with Wireless Charging Case.","القوة في الأرقام: يضمن التعزيز الشديد حماية الأسلاك الداخلية للحفاظ على شحن الهواتف - قادرة على دعم أكثر من 175 رطلاً (80 كجم).
متانة قصوى: تدوم 12 مرة أطول من الكابلات الأخرى وثبت أنها تتحمل أكثر من 12000 انحناء في الاختبارات المعملية الصارمة.
الشحن السريع: تضمن شهادة مؤسسات التمويل الأصغر واختبارات الجودة الصارمة شحن أجهزة Apple الخاصة بك بأمان وبأقصى سرعة ممكنة.
ما تحصل عليه: Anker PowerLine II (6 أقدام / 1.8 م بما في ذلك كلا الطرفين) ، ضماننا المفضل لمدة 18 شهرًا وخدمة العملاء الودودة.
كابل Lightning PowerLine II
الكابل الذي تملكه مدى الحياة
من قوة إلى قوة
يسمح PowerLine II بالانحناء أكثر من 12000 مرة ، ويدوم 12 مرة أطول من كابلات Lightning الأخرى.
التوافق المعتمد
تعني شهادة MFi راحة البال الكاملة لأن PowerLine II مرخص بالكامل من Apple. مصمم للعمل بشكل لا تشوبه شائبة مع iPhone أو iPad أو iPod أو أي جهاز به منفذ Lightning.
يدوم مدى الحياة
لإظهار إيماننا بـ PowerLine II ، نقدم بديلاً خالٍ من المتاعب لجميع مشكلات الجودة. ليس لمدة نصف عام ، وليس لمدة 18 شهرًا ، ولكن طوال العمر. قد يكون هذا هو آخر كابل تحتاج إلى شرائه.
متوافق مع:
iPhone 11 / X / XS / XR / XS Max / 8/8 Plus / 7/7 Plus / 6s / 6s Plus / 6/6 Plus / 5s / 5c / 5 ، iPad Pro / Air / Air 2 ، iPad mini / mini 2 / mini 3 / mini 4 ، iPad (الجيل الرابع) ، iPod nano (الجيل السابع) ، iPod touch (الجيل الخامس) ، AirPods و AirPods مع علبة الشحن اللاسلكي."
13,ANKER CABLES,848061041460.0,7D-A8434H11,BLACK,ANKER POWERLINE II LIGHTNING - 3M/10FT - BLACK,,آنكر باورلاين 2 كابل لايتننغ بطول 3 متر - أسود,7.0,OUT OF STOCK,,"ANKER,POWERLINE,II,LIGHTNING,3M,10FT,BLACK","آنكر,باورلاين,2,كابل,لايتننغ,بطول,3,متر,أسود",ANKER-POWERLINE-II-LIGHTNING-3M-10FT-BLACK,"Strength In Numbers: Extreme reinforcement ensures internal wiring is protected to keep phones charging—able to support over 175 lb (80kg).
Ultimate Durability: lasts 12X longer than other cables and proven to withstand over 12000 bends in strict laboratory tests.
Charge fast: mfi certification and strict quality testing ensure your Apple devices are charged safely, at their fastest possible speed.
What You Get: Anker PowerLine II (10ft/3m including both ends), our fan-favorite 18-month warranty and friendly customer service.
PowerLine II Lightning Cable
The Cable That’s Yours For Life
From Strength to Strength
PowerLine II tolerates being bent over 12,000 times, lasting an enormous 12x longer than other Lightning cables.
Certified Compatibility
MFi certification means total peace of mind because PowerLine II is completely Apple authorized. Designed to work flawlessly with iPhone, iPad, iPod or any device with a Lightning port.
Lasts a Lifetime
To show our belief in PowerLine II, we are offering a hassle-free replacement for all quality issues. Not for half a year, not for 18 months, but for an entire lifetime. It may be the last cable you’ll ever need to buy.
Compatible With:
iPhone 11 / X / XS / XR / XS Max / 8 / 8 Plus / 7 / 7 Plus / 6s / 6s Plus / 6 / 6 Plus / 5s / 5c / 5, iPad Pro / Air / Air 2, iPad mini / mini 2 / mini 3 / mini 4, iPad (4th generation), iPod nano (7th generation), iPod touch (5th generation), AirPods and AirPods with Wireless Charging Case.","القوة في الأرقام: يضمن التعزيز الشديد حماية الأسلاك الداخلية للحفاظ على شحن الهواتف - قادرة على دعم أكثر من 175 رطلاً (80 كجم).
متانة قصوى: تدوم 12 مرة أطول من الكابلات الأخرى وثبت أنها تتحمل أكثر من 12000 انحناء في الاختبارات المعملية الصارمة.
الشحن السريع: تضمن شهادة مؤسسات التمويل الأصغر واختبارات الجودة الصارمة شحن أجهزة Apple الخاصة بك بأمان وبأقصى سرعة ممكنة.
ما تحصل عليه: Anker PowerLine II (10 أقدام / 3 م بما في ذلك كلا الطرفين) ، ضماننا المفضل لمدة 18 شهرًا وخدمة العملاء الودودة.
كابل Lightning PowerLine II
الكابل الذي تملكه مدى الحياة
من قوة إلى قوة
يسمح PowerLine II بالانحناء أكثر من 12000 مرة ، ويدوم 12 مرة أطول من كابلات Lightning الأخرى.
التوافق المعتمد
تعني شهادة MFi راحة البال الكاملة لأن PowerLine II مرخص بالكامل من Apple. مصمم للعمل بشكل لا تشوبه شائبة مع iPhone أو iPad أو iPod أو أي جهاز به منفذ Lightning.
يدوم مدى الحياة
لإظهار إيماننا بـ PowerLine II ، نقدم بديلاً خالٍ من المتاعب لجميع مشكلات الجودة. ليس لمدة نصف عام ، وليس لمدة 18 شهرًا ، ولكن طوال العمر. قد يكون هذا هو آخر كابل تحتاج إلى شرائه.
متوافق مع:
iPhone 11 / X / XS / XR / XS Max / 8/8 Plus / 7/7 Plus / 6s / 6s Plus / 6/6 Plus / 5s / 5c / 5 ، iPad Pro / Air / Air 2 ، iPad mini / mini 2 / mini 3 / mini 4 ، iPad (الجيل الرابع) ، iPod nano (الجيل السابع) ، iPod touch (الجيل الخامس) ، AirPods و AirPods مع علبة الشحن اللاسلكي."
13,ANKER CABLES,848061041477.0,7D-A8434H21,WHITE,ANKER POWERLINE II LIGHTNING - 3M/10FT - WHITE,,آنكر باورلاين 2 كابل لايتننغ بطول 3 متر - أبيض,7.0,OUT OF STOCK,,"ANKER,POWERLINE,II,LIGHTNING,3M,10FT,WHITE","آنكر,باورلاين,2,كابل,لايتننغ,بطول,3,متر,أبيض",ANKER-POWERLINE-II-LIGHTNING-3M-10FT-WHITE,,
13,ANKER CABLES,848061041484.0,7D-A8434H31,BLUE,ANKER POWERLINE II LIGHTNING - 3M/10FT - BLUE,,آنكر باورلاين 2 كابل لايتننغ بطول 3 متر - أزرق,7.0,OUT OF STOCK,,"ANKER,POWERLINE,II,LIGHTNING,3M,10FT,BLUE","آنكر,باورلاين,2,كابل,لايتننغ,بطول,3,متر,أزرق",ANKER-POWERLINE-II-LIGHTNING-3M-10FT-BLUE,,
14,ANKER CABLES,,7D-A8436H11,,ANKER POWERLINE II 3 IN 1 - 0.9M/3FT - BLACK,,أنكر باورلاين 2 كابل متعدد 3 في 1 بطول 3 أقدام - أسود,9.0,,,"ANKER,POWERLINE,II,3,IN,1,0.9M,3FT,BLACK","أنكر,باورلاين,2,كابل,متعدد,3,في,1,بطول,3,أقدام,أسود",ANKER-POWERLINE-II-3-IN-1-0.9M-3FT-BLACK,"• One for All: Charge any of your devices with the interchangeable, built-in Micro USB, USB-C, and Lightning connectors.
• Enhanced Durability: Extreme reinforcement keeps internal wiring protected from trauma and degradation.
• Charge Fast: MFi certification from Apple, and strict quality testing ensure all your devices are charged safely, at their fastest possible speed.
• A Cable for Life: We're so confident about PowerLine II's long-lasting performance that we gave it a hassle-free, lifetime warranty.
• What You Get: Anker PowerLine II 3-in-1 Cable, a hassle-free lifetime warranty and friendly customer service.
Compatible Devices:
• MacBook (2016) / MacBook Pro 13.3'' / MacBook Pro 15.4''
• Nintendo Switch
• Google Chromebook / Pixel C
• Huawei Mate 9 / P10
• MOTO Z / Z Force
• One Plus 3","• شاحن واحد لجميع الأنواع: اشحن أي جهاز من أجهزتك باستخدام موصلات Micro USB و USB-C و Lightning القابلة للتبديل والمدمجة.
• متانة مُحسّنة: التعزيز الشديد يحمي الأسلاك الداخلية من الصدمات والتدهور.
• الشحن السريع: تضمن شهادة MFi من Apple واختبار الجودة الصارم شحن جميع أجهزتك بأمان وبأقصى سرعة ممكنة.
• كابل مدى الحياة: نحن واثقون جدًا من أداء PowerLine II طويل الأمد لدرجة أننا قدمنا له ضمانًا خالٍ من المتاعب مدى الحياة.
• ما تحصل عليه: كابل Anker PowerLine II  3 في 1 ، ضمان خالٍ من المتاعب مدى الحياة وخدمة عملاء ودودة.
الأجهزة المتوافقة:
• MacBook (2016) / MacBook Pro 13.3 بوصة / MacBook Pro 15.4 بوصة
• نينتندو سويتش
• Google Chromebook / Pixel C
• Huawei Mate 9 / P10
• MOTO Z / Z Force
• One Plus 3"
15,ANKER CABLES,,7D-A8451H11,BLACK,ANKER POWERLINE+ II LIGHTNING - 0.3M/1FT - BLACK,,انكر باورلاين بلاس 2 كابل لايتننغ بطول 0.3 متر – أسود,6.5,,,"ANKER,POWERLINE+,II,LIGHTNING,0.3M,1FT,BLACK","انكر,باورلاين,بلاس,2,كابل,لايتننغ,بطول,0.3,متر,–,أسود",ANKER-POWERLINE+-II-LIGHTNING-0.3M-1FT-BLACK,"Staying Power: Lasts 30x longer than ordinary cables—proven in a laboratory environment to withstand 30000 bends.
Amazing Strength: One of the toughest cables ever created, with tensile strength capable of withstanding 175 lbs.
Apple Certification: MFi certified for flawless compatibility with Apple Lightning devices, ensuring the highest possible charging speeds.
Perfectly Portable: 1 foot of cable fits just right wherever it needs to be stowed, while remaining lengthy enough to charge with ease.
What You Get: PowerLine+ II Lightning Cable, welcome guide, hassle-free lifetime warranty and friendly customer service. (Travel pouch not included with 1ft and 10ft lengths.)
PowerLine+ II Lightning Cable
The Ultra-Durable Cable That's Yours For Life

Evolved Durability
Withstand any twist, tug, and tangle with premium braided nylon fiber. And PowerLine+ II's elite internal components are built to last years, charge after charge.

Certified Fast
Boasts Apple's MFi certification for Lightning cables, ensuring ideal charging speeds for iPhone 8, 8 Plus, X, and any other device with a Lightning interface.

Pocket Perfect
Ideal take-anywhere size for charging on-the-go.

Creative Colors
Choose from four brilliant colors: vibrant two-shade nylon braiding to match any device, purse, bag, or room. Stand out from the crowd and easily spot your cable—even in crowded or messy environments.

A Cable for Life
We're so confident in PowerLine+ II, we are offering a hassle-free replacement for all quality issues. Not for half a year, not for 18 months, but for an entire lifetime. It's the only cable you will ever need to buy.

Compatible Devices
iPhone X / 8 / 8 Plus / 7 / 7 Plus / 6 / 6 Plus / 5s, iPad Pro / Air / Air 2, iPad mini / mini 2 / mini 3 / mini 4, iPad (4th generation), iPod nano (7th generation) and iPod Touch (5th generation)","تدوم طويلاً 30 مرة أكثر من الكابلات العادية - ثبت في بيئة معملية أنها تتحمل 30000 انحناء.
قوة مذهلة: واحدة من أصعب الكابلات التي تم إنشاؤها على الإطلاق ، مع قوة شد قادرة على تحمل 175 رطلاً.
شهادة Apple: معتمدة من MFi لتوافق لا تشوبه شائبة مع أجهزة Apple Lightning ، مما يضمن أعلى سرعات شحن ممكنة.
ممتاز للتنقل: 1 قدم من الكبل يناسب تمامًا أي مكان يحتاج إلى تخزينه ، بينما يظل طويلًا بما يكفي لشحنه بسهولة.
ما تحصل عليه: PowerLine + II Lightning Cable ، دليل ترحيب ، ضمان خالٍ من المتاعب مدى الحياة وخدمة عملاء ودودة. 
كابل Lightning PowerLine + II
الكابل شديد التحمل لك مدى الحياة

متانة متطورة
تحمل أي التفاف ، وسحب ، وتشابك مع ألياف نايلون مضفرة ممتازة. وتم تصميم المكونات الداخلية المتميزة في PowerLine + II لتدوم لسنوات ، ويتم شحنها بعد الشحن.

سريع معتمد
يتميز بشهادة Apple MFi لكابلات Lightning ، مما يضمن سرعات شحن مثالية لأجهزة iPhone 8 و 8 Plus و X وأي جهاز آخر مزود بواجهة Lightning.

ممتاز للحمل في الجيب
حجم مثالي يمكن أخذه في أي مكان للشحن أثناء التنقل.

ألوان إبداعية
اختر من بين أربعة ألوان رائعة: ضفيرة نابضة بالحياة من النايلون ذات درجتين لتتناسب مع أي جهاز أو حقيبة يد أو حقيبة أو غرفة. تميّز عن الآخرين واكتشف الكابل بسهولة - حتى في البيئات المزدحمة أو الفوضوية.
كابل مدى الحياة
نحن واثقون جدًا من PowerLine + II ، فنحن نقدم بديلاً خاليًا من المتاعب لجميع مشكلات الجودة. ليس لمدة نصف عام ، وليس لمدة 18 شهرًا ، ولكن طوال العمر. إنه الكابل الوحيد الذي ستحتاج إلى شرائه على الإطلاق.

الأجهزة المتوافقة:
iPhone X / 8/8 Plus / 7/7 Plus / 6/6 Plus / 5s ، iPad Pro / Air / Air 2 ، iPad mini / mini 2 / mini 3 / mini 4 ، iPad (الجيل الرابع) ، iPod nano (السابع الجيل) و iPod Touch (الجيل الخامس)"
15,ANKER CABLES,,7D-A8451H91,RED,ANKER POWERLINE+ II LIGHTNING - 0.3M/1FT - RED,,انكر باورلاين بلاس 2 كابل لايتننغ بطول 0.3 متر – أبيض,6.5,,,"ANKER,POWERLINE+,II,LIGHTNING,0.3M,1FT,RED","انكر,باورلاين,بلاس,2,كابل,لايتننغ,بطول,0.3,متر,–,أبيض",ANKER-POWERLINE+-II-LIGHTNING-0.3M-1FT-RED,,
16,ANKER CABLES,,7D-A8452H11,BLACK,ANKER POWERLINE+ II LIGHTNING - 0.9M/3FT - BLACK,,انكر باورلاين بلاس 2 كابل لايتننغ بطول 0.9 متر – أسود,7.5,,,"ANKER,POWERLINE+,II,LIGHTNING,0.9M,3FT,BLACK","انكر,باورلاين,بلاس,2,كابل,لايتننغ,بطول,0.9,متر,–,أسود",ANKER-POWERLINE+-II-LIGHTNING-0.9M-3FT-BLACK,"Staying Power: Lasts 30x longer than ordinary cables—proven in a laboratory environment to withstand 30000 bends.
Amazing Strength: One of the toughest cables ever created, with tensile strength capable of withstanding 175 lbs.
Apple Certification: MFi certified for flawless compatibility with Apple Lightning devices, ensuring the highest possible charging speeds.
Perfectly Portable: 3ft of cable fits just right wherever it needs to be stowed, while remaining lengthy enough to charge with ease.
What You Get: PowerLine+ II Lightning Cable, welcome guide, hassle-free lifetime warranty and friendly customer service. (Travel pouch not included with 1ft and 10ft lengths.)
PowerLine+ II Lightning Cable
The Ultra-Durable Cable That's Yours For Life

Evolved Durability
Withstand any twist, tug, and tangle with premium braided nylon fiber. And PowerLine+ II's elite internal components are built to last years, charge after charge.

Certified Fast
Boasts Apple's MFi certification for Lightning cables, ensuring ideal charging speeds for iPhone 8, 8 Plus, X, and any other device with a Lightning interface.

Pocket Perfect
Ideal take-anywhere size for charging on-the-go.

Creative Colors
Choose from four brilliant colors: vibrant two-shade nylon braiding to match any device, purse, bag, or room. Stand out from the crowd and easily spot your cable—even in crowded or messy environments.

A Cable for Life
We're so confident in PowerLine+ II, we are offering a hassle-free replacement for all quality issues. Not for half a year, not for 18 months, but for an entire lifetime. It's the only cable you will ever need to buy.

Compatible Devices
iPhone X / 8 / 8 Plus / 7 / 7 Plus / 6 / 6 Plus / 5s, iPad Pro / Air / Air 2, iPad mini / mini 2 / mini 3 / mini 4, iPad (4th generation), iPod nano (7th generation) and iPod Touch (5th generation)","تدوم طويلاً 30 مرة أكثر من الكابلات العادية - ثبت في بيئة معملية أنها تتحمل 30000 انحناء.
قوة مذهلة: واحدة من أصعب الكابلات التي تم إنشاؤها على الإطلاق ، مع قوة شد قادرة على تحمل 175 رطلاً.
شهادة Apple: معتمدة من MFi لتوافق لا تشوبه شائبة مع أجهزة Apple Lightning ، مما يضمن أعلى سرعات شحن ممكنة.
ممتاز للتنقل: 3 أقدام من الكبل يناسب تمامًا أي مكان يحتاج إلى تخزينه ، بينما يظل طويلًا بما يكفي لشحنه بسهولة.
ما تحصل عليه: PowerLine + II Lightning Cable ، دليل ترحيب ، ضمان خالٍ من المتاعب مدى الحياة وخدمة عملاء ودودة. 
كابل Lightning PowerLine + II
الكابل شديد التحمل لك مدى الحياة

متانة متطورة
تحمل أي التفاف ، وسحب ، وتشابك مع ألياف نايلون مضفرة ممتازة. وتم تصميم المكونات الداخلية المتميزة في PowerLine + II لتدوم لسنوات ، ويتم شحنها بعد الشحن.

سريع معتمد
يتميز بشهادة Apple MFi لكابلات Lightning ، مما يضمن سرعات شحن مثالية لأجهزة iPhone 8 و 8 Plus و X وأي جهاز آخر مزود بواجهة Lightning.

ممتاز للحمل في الجيب
حجم مثالي يمكن أخذه في أي مكان للشحن أثناء التنقل.

ألوان إبداعية
اختر من بين أربعة ألوان رائعة: ضفيرة نابضة بالحياة من النايلون ذات درجتين لتتناسب مع أي جهاز أو حقيبة يد أو حقيبة أو غرفة. تميّز عن الآخرين واكتشف الكابل بسهولة - حتى في البيئات المزدحمة أو الفوضوية.
كابل مدى الحياة
نحن واثقون جدًا من PowerLine + II ، فنحن نقدم بديلاً خاليًا من المتاعب لجميع مشكلات الجودة. ليس لمدة نصف عام ، وليس لمدة 18 شهرًا ، ولكن طوال العمر. إنه الكابل الوحيد الذي ستحتاج إلى شرائه على الإطلاق.

الأجهزة المتوافقة:
iPhone X / 8/8 Plus / 7/7 Plus / 6/6 Plus / 5s ، iPad Pro / Air / Air 2 ، iPad mini / mini 2 / mini 3 / mini 4 ، iPad (الجيل الرابع) ، iPod nano (السابع الجيل) و iPod Touch (الجيل الخامس)"
16,ANKER CABLES,,7D-A8452H91,RED,ANKER POWERLINE+ II LIGHTNING - 0.9M/3FT - RED,,انكر باورلاين بلاس 2 كابل لايتننغ بطول 0.9 متر – أبيض,7.5,,,"ANKER,POWERLINE+,II,LIGHTNING,0.9M,3FT,RED","انكر,باورلاين,بلاس,2,كابل,لايتننغ,بطول,0.9,متر,–,أبيض",ANKER-POWERLINE+-II-LIGHTNING-0.9M-3FT-RED,,
17,ANKER CABLES,,7D-A8453H11,BLACK,ANKER POWERLINE+ II LIGHTNING - 1.8M/6FT - BLACK,,انكر باورلاين بلاس 2 كابل لايتننغ بطول 1.8 متر – أسود,8.5,,,"ANKER,POWERLINE+,II,LIGHTNING,1.8M,6FT,BLACK","انكر,باورلاين,بلاس,2,كابل,لايتننغ,بطول,1.8,متر,–,أسود",ANKER-POWERLINE+-II-LIGHTNING-1.8M-6FT-BLACK,"Staying Power: Lasts 30x longer than ordinary cables—proven in a laboratory environment to withstand 30000 bends.
Amazing Strength: One of the toughest cables ever created, with tensile strength capable of withstanding 175 lbs.
Apple Certification: MFi certified for flawless compatibility with Apple Lightning devices, ensuring the highest possible charging speeds.
Perfectly Portable: 6ft of cable fits just right wherever it needs to be stowed, while remaining lengthy enough to charge with ease.
What You Get: PowerLine+ II Lightning Cable, welcome guide, hassle-free lifetime warranty and friendly customer service. (Travel pouch not included with 1ft and 10ft lengths.)
PowerLine+ II Lightning Cable
The Ultra-Durable Cable That's Yours For Life

Evolved Durability
Withstand any twist, tug, and tangle with premium braided nylon fiber. And PowerLine+ II's elite internal components are built to last years, charge after charge.

Certified Fast
Boasts Apple's MFi certification for Lightning cables, ensuring ideal charging speeds for iPhone 8, 8 Plus, X, and any other device with a Lightning interface.

Pocket Perfect
Ideal take-anywhere size for charging on-the-go.

Creative Colors
Choose from four brilliant colors: vibrant two-shade nylon braiding to match any device, purse, bag, or room. Stand out from the crowd and easily spot your cable—even in crowded or messy environments.

A Cable for Life
We're so confident in PowerLine+ II, we are offering a hassle-free replacement for all quality issues. Not for half a year, not for 18 months, but for an entire lifetime. It's the only cable you will ever need to buy.

Compatible Devices
iPhone X / 8 / 8 Plus / 7 / 7 Plus / 6 / 6 Plus / 5s, iPad Pro / Air / Air 2, iPad mini / mini 2 / mini 3 / mini 4, iPad (4th generation), iPod nano (7th generation) and iPod Touch (5th generation)","تدوم طويلاً 30 مرة أكثر من الكابلات العادية - ثبت في بيئة معملية أنها تتحمل 30000 انحناء.
قوة مذهلة: واحدة من أصعب الكابلات التي تم إنشاؤها على الإطلاق ، مع قوة شد قادرة على تحمل 175 رطلاً.
شهادة Apple: معتمدة من MFi لتوافق لا تشوبه شائبة مع أجهزة Apple Lightning ، مما يضمن أعلى سرعات شحن ممكنة.
ممتاز للتنقل: 6 أقدام من الكبل يناسب تمامًا أي مكان يحتاج إلى تخزينه ، بينما يظل طويلًا بما يكفي لشحنه بسهولة.
ما تحصل عليه: PowerLine + II Lightning Cable ، دليل ترحيب ، ضمان خالٍ من المتاعب مدى الحياة وخدمة عملاء ودودة. 
كابل Lightning PowerLine + II
الكابل شديد التحمل لك مدى الحياة

متانة متطورة
تحمل أي التفاف ، وسحب ، وتشابك مع ألياف نايلون مضفرة ممتازة. وتم تصميم المكونات الداخلية المتميزة في PowerLine + II لتدوم لسنوات ، ويتم شحنها بعد الشحن.

سريع معتمد
يتميز بشهادة Apple MFi لكابلات Lightning ، مما يضمن سرعات شحن مثالية لأجهزة iPhone 8 و 8 Plus و X وأي جهاز آخر مزود بواجهة Lightning.

ممتاز للحمل في الجيب
حجم مثالي يمكن أخذه في أي مكان للشحن أثناء التنقل.

ألوان إبداعية
اختر من بين أربعة ألوان رائعة: ضفيرة نابضة بالحياة من النايلون ذات درجتين لتتناسب مع أي جهاز أو حقيبة يد أو حقيبة أو غرفة. تميّز عن الآخرين واكتشف الكابل بسهولة - حتى في البيئات المزدحمة أو الفوضوية.
كابل مدى الحياة
نحن واثقون جدًا من PowerLine + II ، فنحن نقدم بديلاً خاليًا من المتاعب لجميع مشكلات الجودة. ليس لمدة نصف عام ، وليس لمدة 18 شهرًا ، ولكن طوال العمر. إنه الكابل الوحيد الذي ستحتاج إلى شرائه على الإطلاق.

الأجهزة المتوافقة:
iPhone X / 8/8 Plus / 7/7 Plus / 6/6 Plus / 5s ، iPad Pro / Air / Air 2 ، iPad mini / mini 2 / mini 3 / mini 4 ، iPad (الجيل الرابع) ، iPod nano (السابع الجيل) و iPod Touch (الجيل الخامس)"
17,ANKER CABLES,,7D-A8453H91,RED,ANKER POWERLINE+ II LIGHTNING - 1.8M/6FT - RED,,انكر باورلاين بلاس 2 كابل لايتننغ بطول 1.8 متر – أحمر,8.5,,,"ANKER,POWERLINE+,II,LIGHTNING,1.8M,6FT,RED","انكر,باورلاين,بلاس,2,كابل,لايتننغ,بطول,1.8,متر,–,أحمر",ANKER-POWERLINE+-II-LIGHTNING-1.8M-6FT-RED,,
18,ANKER CABLES,,7D-A8454H11,BLACK,ANKER POWERLINE + II LIGHTNING - 3M/10FT - BLACK,,انكر باورلاين بلاس 2 كابل لايتننغ بطول 3 متر – أسود,9.5,,,"ANKER,POWERLINE,+,II,LIGHTNING,3M,10FT,BLACK","انكر,باورلاين,بلاس,2,كابل,لايتننغ,بطول,3,متر,–,أسود",ANKER-POWERLINE-+-II-LIGHTNING-3M-10FT-BLACK,"Staying Power: Lasts 30x longer than ordinary cables—proven in a laboratory environment to withstand 30000 bends.
Amazing Strength: One of the toughest cables ever created, with tensile strength capable of withstanding 175 lbs.
Apple Certification: MFi certified for flawless compatibility with Apple Lightning devices, ensuring the highest possible charging speeds.
Perfectly Portable: 10FT of cable fits just right wherever it needs to be stowed, while remaining lengthy enough to charge with ease.
What You Get: PowerLine+ II Lightning Cable, welcome guide, hassle-free lifetime warranty and friendly customer service. (Travel pouch not included with 1ft and 10ft lengths.)
PowerLine+ II Lightning Cable
The Ultra-Durable Cable That's Yours For Life

Evolved Durability
Withstand any twist, tug, and tangle with premium braided nylon fiber. And PowerLine+ II's elite internal components are built to last years, charge after charge.

Certified Fast
Boasts Apple's MFi certification for Lightning cables, ensuring ideal charging speeds for iPhone 8, 8 Plus, X, and any other device with a Lightning interface.

Pocket Perfect
Ideal take-anywhere size for charging on-the-go.

Creative Colors
Choose from four brilliant colors: vibrant two-shade nylon braiding to match any device, purse, bag, or room. Stand out from the crowd and easily spot your cable—even in crowded or messy environments.

A Cable for Life
We're so confident in PowerLine+ II, we are offering a hassle-free replacement for all quality issues. Not for half a year, not for 18 months, but for an entire lifetime. It's the only cable you will ever need to buy.

Compatible Devices
iPhone X / 8 / 8 Plus / 7 / 7 Plus / 6 / 6 Plus / 5s, iPad Pro / Air / Air 2, iPad mini / mini 2 / mini 3 / mini 4, iPad (4th generation), iPod nano (7th generation) and iPod Touch (5th generation)","تدوم طويلاً 30 مرة أكثر من الكابلات العادية - ثبت في بيئة معملية أنها تتحمل 30000 انحناء.
قوة مذهلة: واحدة من أصعب الكابلات التي تم إنشاؤها على الإطلاق ، مع قوة شد قادرة على تحمل 175 رطلاً.
شهادة Apple: معتمدة من MFi لتوافق لا تشوبه شائبة مع أجهزة Apple Lightning ، مما يضمن أعلى سرعات شحن ممكنة.
ممتاز للتنقل: 10 أقدام من الكبل يناسب تمامًا أي مكان يحتاج إلى تخزينه ، بينما يظل طويلًا بما يكفي لشحنه بسهولة.
ما تحصل عليه: PowerLine + II Lightning Cable ، دليل ترحيب ، ضمان خالٍ من المتاعب مدى الحياة وخدمة عملاء ودودة. 
كابل Lightning PowerLine + II
الكابل شديد التحمل لك مدى الحياة

متانة متطورة
تحمل أي التفاف ، وسحب ، وتشابك مع ألياف نايلون مضفرة ممتازة. وتم تصميم المكونات الداخلية المتميزة في PowerLine + II لتدوم لسنوات ، ويتم شحنها بعد الشحن.

سريع معتمد
يتميز بشهادة Apple MFi لكابلات Lightning ، مما يضمن سرعات شحن مثالية لأجهزة iPhone 8 و 8 Plus و X وأي جهاز آخر مزود بواجهة Lightning.

ممتاز للحمل في الجيب
حجم مثالي يمكن أخذه في أي مكان للشحن أثناء التنقل.

ألوان إبداعية
اختر من بين أربعة ألوان رائعة: ضفيرة نابضة بالحياة من النايلون ذات درجتين لتتناسب مع أي جهاز أو حقيبة يد أو حقيبة أو غرفة. تميّز عن الآخرين واكتشف الكابل بسهولة - حتى في البيئات المزدحمة أو الفوضوية.
كابل مدى الحياة
نحن واثقون جدًا من PowerLine + II ، فنحن نقدم بديلاً خاليًا من المتاعب لجميع مشكلات الجودة. ليس لمدة نصف عام ، وليس لمدة 18 شهرًا ، ولكن طوال العمر. إنه الكابل الوحيد الذي ستحتاج إلى شرائه على الإطلاق.

الأجهزة المتوافقة:
iPhone X / 8/8 Plus / 7/7 Plus / 6/6 Plus / 5s ، iPad Pro / Air / Air 2 ، iPad mini / mini 2 / mini 3 / mini 4 ، iPad (الجيل الرابع) ، iPod nano (السابع الجيل) و iPod Touch (الجيل الخامس)"
18,ANKER CABLES,,7D-A8454H91,RED,ANKER POWERLINE+ II LIGHTNING - 3M/10FT - RED,,انكر باورلاين بلاس 2 كابل لايتننغ بطول 3 متر – أحمر,9.5,,,"ANKER,POWERLINE+,II,LIGHTNING,3M,10FT,RED","انكر,باورلاين,بلاس,2,كابل,لايتننغ,بطول,3,متر,–,أحمر",ANKER-POWERLINE+-II-LIGHTNING-3M-10FT-RED,,
19,,,7D-ANK-A1211-BK,,ANKER ASTRO E1 EXTERNAL BACK UP BATTERY - 5200MAH - BLACK,,انكر استرو E1 شاحن محمول ببطارية خارجية /بنك طاقة – أسود,7.0,,,"ANKER,ASTRO,E1,EXTERNAL,BACK,UP,BATTERY,5200MAH,BLACK","انكر,استرو,E1,شاحن,محمول,ببطارية,خارجية,بنك,طاقة,–,أسود",ANKER-ASTRO-E1-EXTERNAL-BACK-UP-BATTERY-5200MAH-BLACK,"Astro E1 Portable Charger External Battery Power Bank
Charge your phone on the go.

From ANKER, America's Leading USB Charging Brand
Faster and safer charging with our advanced technology
10 million+ happy users and counting

PowerIQ
Exclusive to Anker. Intelligent high-speed charging for all your devices. Does not support Qualcomm Quick Charge

High Capacity
Charge your Apple or Android smartphone one to two times while on the move. You can even charge an iPad mini 3 to about 70%!

Incredibly Compact
This thing is remarkably small. About the same size as a small candy bar, you simply will not find a more portable powerpack.

Superior Quality
We use only premium battery cells, together with advanced materials and cutting-edge technology, to ensure complete safety.

World Famous Warranty
At Anker, we believe in our products. That's why we back them all with an 18-month warranty and provide friendly, easy-to-reach support.
Compatible With:
Most USB-charged devices, including iPhone 8 / X / XS / XS Max / XR (Lightning cable required), Android smartphones and tablets (including the Nexus 7).

Specs:
Capacity: 5200mAh / 19.24H
Output: 5V / 2A
Input: 5V / 1A
Size (L x W x H): 3.8 x 1.7 x 0.9 inch / 97 x 43 x 22mm","استرو E1 شاحن متنقل بنك طاقة البطارية الخارجية
اشحن هاتفك أثناء التنقل.

باور آي كيو
حصريًا لـ Anker. شحن ذكي عالي السرعة لجميع أجهزتك. لا يدعم الشحن السريع Qualcomm

سعة عالية
اشحن هاتفك الذكي من Apple أو Android مرة إلى مرتين أثناء التنقل. يمكنك حتى شحن iPad mini 3 إلى حوالي 70٪!

مضغوط بشكل لا يصدق
هذا الشيء صغير بشكل ملحوظ. بنفس حجم شريط الحلوى الصغير ، لن تجد ببساطة حزمة طاقة محمولة أكثر.

جودة فائقة
نحن نستخدم فقط خلايا البطارية الممتازة ، جنبًا إلى جنب مع المواد المتقدمة والتكنولوجيا المتطورة ، لضمان السلامة الكاملة.

الضمان العالمي الشهير
في Anker ، نؤمن بمنتجاتنا. لهذا السبب ندعمهم جميعًا بضمان لمدة 18 شهرًا ونقدم دعمًا ودودًا يسهل الوصول إليه.
متوافق مع:
معظم الأجهزة المشحونة عبر USB ، بما في ذلك iPhone 8 / X / XS / XS Max / XR (يتطلب كابل Lightning) ، والهواتف الذكية والأجهزة اللوحية التي تعمل بنظام Android (بما في ذلك Nexus 7).


المواصفات:
السعة: 5200 مللي أمبير / 19.24 ساعة
الإخراج: 5V / 2A
المدخلات: 5V / 1A
الحجم (الطول × العرض × الارتفاع): 3.8 × 1.7 × 0.9 بوصة / 97 × 43 × 22 ملم"
20,,,7D-ANK-A2013-BK,,ANKER POWERPORT+ 1 WITH QC3.0 AND IQ - BLACK,,انكر باوربورت بلاس 1 مع خاصية الشحن السريع 3.0 وآي كيو – أسود,6.5,,,"ANKER,POWERPORT+,1,WITH,QC3.0,AND,IQ,BLACK","انكر,باوربورت,بلاس,1,مع,خاصية,الشحن,السريع,3.0,وآي,كيو,–,أسود",ANKER-POWERPORT+-1-WITH-QC3.0-AND-IQ-BLACK,"PowerPort+ 1 with Quick Charge 3.0
The Premium USB Wall Charger
Qualcomm Quick Charge 3.0
Gives the fastest possible charge to any compatible phone or tablet, charging a phone up to 80% in 35 minutes—up to 4x faster than standard chargers.
Unrivaled USB Efficiency
Qualcomm Quick Charge 3.0 is 38% more efficient than the previous version, Quick Charge 2.0. That means less time waiting around and more time for you.
Travel Ready
A foldable plug, compact size and international voltage compatibility (AC 100-240V) make it the ideal travel companion.
Quick Charge Devices Include:
• Galaxy S7/S6/Edge/Edge Plus
• Galaxy Note 4/5/Edge
• LG G4
• LG G Flex2
• Nexus 6
• HTC One A9/M9
• Droid Turbo
• Xperia Z3/Z3 Compact/Z3 Tablet Compact/Z4 Tablet
• and many more (consult your device's technical specs to confirm compatibility)

For Optimal Use:
• Not compatible with iPad Pro 10.5""/12.9"" (iPad Pro 9.7"" excluded), Pixel, Pixel XL, Pixel 2, Pixel 2 XL, Pixel 3, and Pixel 3 XL
• For Nexus 5X and 6P, only regular charging speed is possible using a USB-A to USB-C cable.
• Use your original cable, or one certified by a third party (such as MFi).
• Not compatible with fast-charging for Samsung wireless chargers.","شاحن حائط USB ممتاز
Qualcomm Quick Charge 3.0
يمنح أسرع شحن ممكن لأي هاتف أو كمبيوتر لوحي متوافق ، ويشحن الهاتف حتى 80٪ في 35 دقيقة - أسرع بأربع مرات من أجهزة الشحن القياسية.
كفاءة USB لا مثيل لها
يعد Qualcomm Quick Charge 3.0 أكثر كفاءة بنسبة 38٪ من الإصدار السابق ، Quick Charge 2.0. وهذا يعني وقتًا أقل في الانتظار والمزيد من الوقت لك.
جاهز للسفر
يجعله القابس القابل للطي والحجم الصغير والتوافق الدولي للجهد (AC 100-240V) الرفيق المثالي للسفر.
تشمل أجهزة الشحن السريع:
• Galaxy S7 / S6 / Edge / Edge Plus
• جالكسي نوت 4/5 / إيدج
• LG G4
• LG G Flex2
• جهاز Nexus 6
• HTC One A9 / M9
• Droid Turbo
• Xperia Z3 / Z3 Compact / Z3 Tablet Compact / Z4 Tablet
• وغيرها الكثير (راجع المواصفات الفنية لجهازك لتأكيد التوافق)

للاستخدام الأمثل:
• غير متوافق مع iPad Pro 10.5 ""/ 12.9"" (باستثناء iPad Pro 9.7) و Pixel و Pixel XL و Pixel 2 و Pixel 2 XL و Pixel 3 و Pixel 3 XL
• بالنسبة إلى Nexus 5X و 6 P ، لا يمكن إلا توفير سرعة الشحن العادية باستخدام كابل USB-A إلى USB-C.
• استخدم الكابل الأصلي الخاص بك ، أو كابل معتمد من طرف ثالث (مثل MFi).
• غير متوافق مع الشحن السريع لأجهزة الشحن اللاسلكية من Samsung."
21,,,7D-ANK-A3181-BK,,ANKER SOUNDCORE SPORT XL - BLACK,,انكر ساوندكور سبورت اكس ال مكبر صوت لاسلكي بلوتوث– أسود,23.0,OUT OF STOCK,,"ANKER,SOUNDCORE,SPORT,XL,BLACK","انكر,ساوندكور,سبورت,اكس,ال,مكبر,صوت,لاسلكي,بلوتوث–,أسود",ANKER-SOUNDCORE-SPORT-XL-BLACK,"• This Anker SoundCore Bluetooth Speaker features Bluetooth 4.1 connectivity and lets you enjoy crisp, Shock-resistant, dust-tight, and IP67-rated waterproof.
• It features a 5V 1A output keeps your smartphone charged when you're outdoors.
• Plus a high capacity battery provides 15 hours of non-stop audio and stunning sound quality.
• Portable and light weight Speaker.
• High-Fidelity Sound.
• Charging time: 5 hours.
• Incredible 15-hour playtime.
• Built-in microphone for hands-free calling.
• Connection range of up to 66 feet (20 m)
• Bluetooth Version: 4.1
• Driver output: 8W
• 5V 1A output keeps your phone or tablet charged when you’re outdoors.
• Input: 5V / 1A.
• Dimensions: 8.1 x 17.5 x 4.3 cm.","• يتميز مكبر الصوت Anker SoundCore Bluetooth باتصال Bluetooth 4.1 ويتيح لك الاستمتاع بنقاء ومقاوم للصدمات ومحكم ضد الغبار ومقاوم للماء مصنف IP67.
• يتميز بإخراج 5 فولت 1 أمبير يحافظ على شحن هاتفك الذكي عندما تكون في الهواء الطلق.
• بالإضافة إلى بطارية عالية السعة توفر 15 ساعة من الصوت المتواصل وجودة صوت مذهلة.
• ميزات
• سماعة محمولة وخفيفة الوزن.
• صوت عالي الدقة.
• وقت الشحن: 5 ساعات.
• وقت لعب لا يصدق لمدة 15 ساعة.
• ميكروفون مدمج لإجراء مكالمات بدون استخدام اليدين.
• نطاق اتصال يصل إلى 66 قدمًا (20 مترًا)
• إصدار البلوتوث: 4.1
• خرج السائق: 8W
• يحافظ الإخراج 5V 1A على شحن هاتفك أو جهازك اللوحي عندما تكون بالخارج.
• المدخلات: 5V / 1A.
• الأبعاد: ٨ ٫ ١ × ١٧ ٫ ٥ × ٤ ٫ ٣ سم."
22,,,7D-B2514K23,,ANKER POWERWAVE 7.5W PAD WIRELESS CHARGER - WHITE,,انكر باور ويف شاحن بقوة 7.5 واط – أبيض,21.0,,,"ANKER,POWERWAVE,7.5W,PAD,WIRELESS,CHARGER,WHITE","انكر,باور,ويف شاحن,بقوة,7.5,واط,–,أبيض",ANKER-POWERWAVE-7.5W-PAD-WIRELESS-CHARGER-WHITE,"PowerWave 7.5 Pad
The High-Speed Wireless Charging Pad
Ride the Wave
The wireless evolution of Anker’s world-famous technology uses a high-efficiency chipset and an internal cooling fan (the first of its kind) to provide the fastest possible wireless charge in its class.
Note: Cooling fan makes a sound during normal charging operation.
All-Round Safety
Forget about “plugging-and-praying” with substandard chargers. Total radiation shielding, over-charge protection, foreign object detection, and more combine to provide peerless protection for you and your devices.
Just in Case
Don’t worry about taking your case off whenever you have to charge. PowerWave delivers charging power directly through cases up to 5 mm thick—including Otterboxes.
Input: 12V / 1.5A
Output: 5W / 7.5W / 10W
Compatibility:
10W Fast Charge Mode: (Using Quick Charge 2.0/3.0 Adapter)
• Samsung Galaxy S10 / S9+ / S9 / S8 / S8+ / S7 edge / S7 / S6 edge+
• Samsung Note 9 / Note 8 / Note 7
7.5W Fast Charge Mode: (Using Quick Charge 2.0/3.0 Adapter)
• iPhone XS Max / iPhone XR / iPhone XS / iPhone X / iPhone 8 / 8 Plus
5W Standard Charge Mode: (Using 5V/2A Adapter)
• All Qi-enabled phones and devices
• Pixel 3 / Pixel 3XL (The phone's screen will display the message: Charging slowly).

Notes
• iOS 11.2 required to access 7.5W fast charging for iPhone.
• Quick Charge 3.0 wall charger with 12V / 1.5A output required for operation.
• The included AC adapter does not have an LED indicator, to minimize distractions.","قاعدة PowerWave 7.5
وسادة الشحن اللاسلكي عالية السرعة
مواكب للتطور
يستخدم التطور اللاسلكي لتقنية Anker الشهيرة عالميًا مجموعة شرائح عالية الكفاءة ومروحة تبريد داخلية (الأولى من نوعها) لتوفير أسرع شحن لاسلكي ممكن في فئتها.

ملاحظة: تصدر مروحة التبريد صوتًا أثناء عملية الشحن العادية.

أمان شامل
انس أمر ""التوصيل والصلاة"" بشواحن دون المستوى المطلوب. يتم الجمع بين الحماية الكاملة من الإشعاع والحماية من الشحن الزائد واكتشاف الأجسام الغريبة والمزيد لتوفير حماية منقطعة النظير لك ولأجهزتك.
فقط في حالة
لا تقلق بشأن نزع الحافظة عندما يتعين عليك الشحن. يوفر PowerWave طاقة شحن مباشرة من خلال علب يصل سمكها إلى 5 مم - بما في ذلك Otterboxes.
الإدخال: 12 فولت / 1.5 أمبير
الإخراج: 5 واط / 7.5 واط / 10 واط
التوافق:
وضع الشحن السريع 10 وات: (باستخدام محول الشحن السريع 2.0 / 3.0)
   • Samsung Galaxy S10 / S9 + / S9 / S8 / S8 + / S7 edge / S7 / S6 edge + 
   • سامسونج نوت 9 / نوت 8 / نوت 7
وضع الشحن السريع 7.5 واط: (باستخدام محول الشحن السريع 2.0 / 3.0)
   • iPhone XS Max / iPhone XR / iPhone XS / iPhone X / iPhone 8/8 Plus
وضع الشحن القياسي 5 واط: (باستخدام محول 5V / 2A)
   • جميع الهواتف والأجهزة التي تدعم Qi
   • Pixel 3 / Pixel 3XL (ستعرض شاشة الهاتف الرسالة: جارٍ الشحن ببطء).


ملاحظات:
• يلزم توفر نظام iOS 11.2 للوصول إلى 7.5 واط للشحن السريع لجهاز iPhone.
• شاحن جداري Quick Charge 3.0 بمخرج 12 فولت / 1.5 أمبير مطلوب للتشغيل.
• لا يحتوي محول التيار المتردد المرفق على مؤشر LED لتقليل الانحرافات."
23,,,7D-B2522K25,,ANKER POWERWAVE 7.5W STAND WIRELESS CHARGER - WHITE,,انكر باور ويف شاحن لاسلكي بقوة 7.5 واط – أبيض,24.0,,,"ANKER,POWERWAVE,7.5W,STAND,WIRELESS,CHARGER,WHITE","انكر,باور,ويف,شاحن,لاسلكي,بقوة,7.5,واط,–,أبيض",ANKER-POWERWAVE-7.5W-STAND-WIRELESS-CHARGER-WHITE,"PowerWave 7.5 Stand
The High-Speed Wireless Charging Stand
Ride the Wave
The wireless evolution of Anker’s world-famous technology uses a high-efficiency chipset and an internal cooling fan (the first of its kind) to provide the fastest possible wireless charge in its class.
Note: Cooling fan makes a sound during normal charging operation.
All-Round Safety
Forget about “plugging-and-praying” with substandard chargers. Total radiation shielding, over-charge protection, foreign object detection, and more combine to provide peerless protection for you and your devices.
Just in Case
Don’t worry about taking your case off whenever you have to charge. PowerWave delivers charging power directly through cases up to 5 mm thick—including Otterboxes.
Input: 12V / 1.5A
Output: 5W / 7.5W / 10W
Compatibility:
10W Fast Charge Mode: (Using Quick Charge 2.0/3.0 Adapter)
• Samsung Galaxy S10 / S9+ / S9 / S8 / S8+ / S7 edge / S7 / S6 edge+
• Samsung Note 9 / Note 8 / Note 7
7.5W Fast Charge Mode: (Using Quick Charge 2.0/3.0 Adapter)
• iPhone XS Max / iPhone XR / iPhone XS / iPhone X / iPhone 8 / 8 Plus
5W Standard Charge Mode: (Using 5V/2A Adapter)
• All Qi-enabled phones and devices
• Pixel 3 / Pixel 3XL (The phone's screen will display the message: Charging slowly).



Notes
• iOS 11.2 required to access 7.5W fast charging for iPhone.
• Quick Charge 3.0 wall charger with 12V / 1.5A output required for operation.
• The included AC adapter does not have an LED indicator, to minimize distractions.
• Metal attachments, expandable grips, or credit cards will interfere with charging. Cases that contain metal, such as Pitaka, Evutec, and Spigen QNMP, will trigger foreign object detection and interrupt charging.","حامل PowerWave 7.5
حامل الشحن اللاسلكي عالي السرعة
مواكب للتطور
يستخدم التطور اللاسلكي لتقنية Anker الشهيرة عالميًا مجموعة شرائح عالية الكفاءة ومروحة تبريد داخلية (الأولى من نوعها) لتوفير أسرع شحن لاسلكي ممكن في فئتها.

ملاحظة: تصدر مروحة التبريد صوتًا أثناء عملية الشحن العادية.

أمان شامل
انس أمر ""التوصيل والصلاة"" بشواحن دون المستوى المطلوب. يتم الجمع بين الحماية الكاملة من الإشعاع والحماية من الشحن الزائد واكتشاف الأجسام الغريبة والمزيد لتوفير حماية منقطعة النظير لك ولأجهزتك.
فقط في حالة
لا تقلق بشأن نزع الحافظة عندما يتعين عليك الشحن. يوفر PowerWave طاقة شحن مباشرة من خلال علب يصل سمكها إلى 5 مم - بما في ذلك Otterboxes.
الإدخال: 12 فولت / 1.5 أمبير
الإخراج: 5 واط / 7.5 واط / 10 واط
التوافق:
وضع الشحن السريع 10 وات: (باستخدام محول الشحن السريع 2.0 / 3.0)
   • Samsung Galaxy S10 / S9 + / S9 / S8 / S8 + / S7 edge / S7 / S6 edge + 
   • سامسونج نوت 9 / نوت 8 / نوت 7
وضع الشحن السريع 7.5 واط: (باستخدام محول الشحن السريع 2.0 / 3.0)
   • iPhone XS Max / iPhone XR / iPhone XS / iPhone X / iPhone 8/8 Plus
وضع الشحن القياسي 5 واط: (باستخدام محول 5V / 2A)
   • جميع الهواتف والأجهزة التي تدعم Qi
   • Pixel 3 / Pixel 3XL (ستعرض شاشة الهاتف الرسالة: جارٍ الشحن ببطء).


ملاحظات:
• يلزم توفر نظام iOS 11.2 للوصول إلى 7.5 واط للشحن السريع لجهاز iPhone.
• شاحن جداري Quick Charge 3.0 بمخرج 12 فولت / 1.5 أمبير مطلوب للتشغيل.
• لا يحتوي محول التيار المتردد المرفق على مؤشر LED لتقليل الانحرافات.
• ستتداخل الملحقات المعدنية أو المقابض القابلة للتوسيع أو بطاقات الائتمان مع الشحن. ستؤدي الحالات التي تحتوي على معدن ، مثل Pitaka و Evutec و Spigen QNMP ، إلى اكتشاف الأجسام الغريبة ومقاطعة الشحن."
24,,6942936705823.0,MGT-AC-PD01,,AIRCONNECT PAD SLIM FAST WIRELESS CHARGING PAD W/ ICHIP - BLACK,,اير كونيكت قاعدة الشحن اللاسلكي السريع النحيفة - أسود,7.0,,,"AIRCONNECT,PAD,SLIM,FAST,WIRELESS,CHARGING,PAD,W,ICHIP,BLACK","اير,كونيكت,قاعدة,الشحن,اللاسلكي,السريع,النحيفة,أسود",AIRCONNECT-PAD-SLIM-FAST-WIRELESS-CHARGING-PAD-W--ICHIP-BLACK,"• Wireless charging pad
• Ultra slim only 7mm
• Breathing LED light when charging
• Rubber finish soft touch
• Input: DC 5V 2A; DC 9V 2A
• Output: DC 5V 1A; DC 9V 1.12A (10W)
• Charging efficiency: 70%
• Power: 10 watts
• Transmission Distance: 6mm
• Size: 100*7mm
• Cable: 1M Micro USB Charging cable","• لوحة شحن لاسلكية
• نحيف للغاية 7 مم فقط
• ضوء LED للتنفس عند الشحن
• لمسة نهائية مطاطية ناعمة
• الإدخال: DC 5V 2A ؛ تيار مستمر 9 فولت 2 أمبير
• الإخراج: DC 5V 1A ؛ تيار مستمر 9 فولت 1.12 أمبير (10 واط)
• كفاءة الشحن: 70٪
• القوة: ١٠ واط
• مسافة الإرسال: 6 مللي متر
• الحجم: 100 * 7 مم
• الكابل: كابل شحن USB ميكرو 1 متر"
25,,6942936706950.0,MGT-AC-PD02W,,AIRCONNECT PAD PREMIUM WIRELESS CHARGING PAD WITH ICHIP - WHITE,,اير كونيكت قاعدة الشحن اللاسلكي الممتاز - أبيض,5.0,,,"AIRCONNECT,PAD,PREMIUM,WIRELESS,CHARGING,PAD,WITH,ICHIP,WHITE","اير,كونيكت,قاعدة,الشحن,اللاسلكي,الممتاز,أبيض",AIRCONNECT-PAD-PREMIUM-WIRELESS-CHARGING-PAD-WITH-ICHIP-WHITE,"• Wireless charging pad
• Ultra slim only 7mm
• Breathing LED light when charging
• Rubber finish soft touch
• Input: DC 5V 2A; DC 9V 2A
• Output: DC 5V 1A; DC 9V 1.12A (10W)
• Charging efficiency: 70%
• Power: 10 watts
• Transmission Distance: 6mm
• Size: 100*7mm
• Cable: 1M Micro USB Charging cable","• لوحة شحن لاسلكية
• نحيف للغاية 7 مم فقط
• ضوء LED للتنفس عند الشحن
• لمسة نهائية مطاطية ناعمة
• الإدخال: DC 5V 2A ؛ تيار مستمر 9 فولت 2 أمبير
• الإخراج: DC 5V 1A ؛ تيار مستمر 9 فولت 1.12 أمبير (10 واط)
• كفاءة الشحن: 70٪
• القوة: ١٠ واط
• مسافة الإرسال: 6 مللي متر
• الحجم: 100 * 7 مم
• الكابل: كابل شحن USB ميكرو 1 متر"
26,,6942936705847.0,MGT-AC-PR-02,,AIRCONNECT PRO 10400 MAH WIRELESS POWERBANK WITH TYPE C - BLACK,,اير كونيكت برو بطارية الشحن المتنقلة اللاسلكية بقوة 10400MAH مع تايب سي - أسود,10.0,,,"AIRCONNECT,PRO,10400,MAH,WIRELESS,POWERBANK,WITH,TYPE,C,BLACK","اير,كونيكت,برو,بطارية,الشحن,المتنقلة,اللاسلكية,بقوة,10400MAH,مع,تايب,سي,أسود",AIRCONNECT-PRO-10400-MAH-WIRELESS-POWERBANK-WITH-TYPE-C-BLACK,"• Battery Type : Li-ion battery
• Power Input 1: 2A-Micro USB
• Power Input 2: 2A- Type C
• Power Output 1 : 2A -USB A
• Power Output 2 : 2A -USB A
• Power Output 3 : 2A -TypeC
• Wireless Output : 5V/1A(5W)
• Charging time : 4-6hours
• Size : 97.5*74*26.5mm","• نوع البطارية: بطارية ليثيوم أيون
• مدخلات الطاقة 1: 2A-Micro USB
• مدخلات الطاقة 2: 2A-Type C
• خرج الطاقة 1:  2A -USB A
• خرج الطاقة2: 2A -USB A
• خرج الطاقة 3: 2A -TypeC
• الإخراج اللاسلكي: 5V/1A(5W)
• وقت الشحن: 4-6 ساعات
• الحجم: 97.5 * 74 * 26.5 ملم"
27,,6942936705588.0,MGT-ACID01,,AIRCONNECT IDRIVE PLUS WIRELESS CHARING CAR HOLDER W/ LOCK - BLACK,,اير كونيكت آي درايف بلاس حامل هاتف للسياؤة مزود بشاحن لاسلكي مع قفل تثبيت – أسود,20.0,,,"AIRCONNECT,IDRIVE,PLUS,WIRELESS,CHARING,CAR,HOLDER,W,LOCK,BLACK","اير,كونيكت,آي,درايف,بلاس,حامل,هاتف,للسياؤة,مزود,بشاحن,لاسلكي,مع,قفل,تثبيت,–,أسود",AIRCONNECT-IDRIVE-PLUS-WIRELESS-CHARING-CAR-HOLDER-W--LOCK-BLACK,"• Infrared sensor for 1 hand operation.
• One touch automatic lock & unlock.
• Premium car mobile holder
• 360degree rotation
• 3.1A car charger.
• Lightning, micro & type c inside.","• مستشعر الأشعة تحت الحمراء لتشغيل يد واحدة.
• قفل وفتح تلقائي بلمسة واحدة.
• حامل موبايل للسيارة ممتاز
• 360 درجة دوران
• 3.1A شاحن سيارة.
• لايتنينج ، مايكرو & نوع سي بالداخل."
28,,6942936707025.0,MGT-ACMT02,,AIRCONNECT IMATE SUCTION WIRELESS POWERBANK 5000 MAH - WHITE,,اير كونيكت أي ميت بنك طاقة لاسلكي باستطاعة 5000 مل أمبير ساعي – أبيض,10.0,,,"AIRCONNECT,IMATE,SUCTION,WIRELESS,POWERBANK,5000,MAH,WHITE","اير,كونيكت,أي,ميت,بنك,طاقة,لاسلكي,باستطاعة,5000,مل,أمبير,ساعي,–,أبيض",AIRCONNECT-IMATE-SUCTION-WIRELESS-POWERBANK-5000-MAH-WHITE,"• Battery Type: Polymer Battery
• Power Input : Type C: 2A
• Power Output 1 : 2A-USB A
• Power Output 2 : 2A-Type C
• Wireless Output 5V/1A(5W)
• Charging Time : 2-3 hours
• Size: 122 X 65 X 15 mm","• نوع البطارية: بطارية بوليمر
• مدخلات الطاقة: النوع C: 2A
• خرج الطاقة 1: 2A-USB A
• خرج الطاقة 2: 2A من النوع C.
• خرج لاسلكي 5 فولت / 1 أمبير (5 واط)
• وقت الشحن: 2-3 ساعات
• الحجم: ١٢٢ × ٦٥ × ١٥ ملم"
29,,6942936707001.0,MGT-ACPR05,,AIRCONNECT PRO 12000MAH WIRELESS POWERBANK W/ QC & TYPE C - BLACK,,أيركونيكت برو بنك طاقة لاسلكي ذكي من نوع C و QC سعة 12000 مل أمبير ساعي - أسود,12.0,,,"AIRCONNECT,PRO,12000MAH,WIRELESS,POWERBANK,W,QC,&,TYPE,C,BLACK","أيركونيكت,برو,بنك,طاقة,لاسلكي,ذكي,من,نوع,C,و,QC,سعة,12000,مل,أمبير,ساعي,أسود",AIRCONNECT-PRO-12000MAH-WIRELESS-POWERBANK-W--QC-&-TYPE-C-BLACK,"• Input Voltage: 5V/1.5A; 9V/1.67A
• Output Voltage: 9V/1.12A; 5V/1A
• Charging Efficiency: ≥70%
• Power: 10W
• Transmission Distance: ≤6mm
• Product Size: 126*65*6.9mm
• Perform Standard: Qi","• جهد الإدخال: 5 فولت / 1.5 أمبير ؛ 9 فولت / 1.67 أمبير
• الجهد الناتج: 9V / 1.12A ؛ 5 فولت / 1 أمبير
• كفاءة الشحن: ≥70٪
• الطاقة: 10 واط
• مسافة الإرسال: ≤6 ملم
• حجم المنتج: 126 * 65 * 6.9 ملم
• أداء قياسي: Qi"
30,,6942936707308.0,MGT-AM01,,AIRMATE AIRPOD WIRELESS CHARGING CASE - WHITE,,أيرميت أيربود غلاف شحن ذكي – أبيض,10.0,,,"AIRMATE,AIRPOD,WIRELESS,CHARGING,CASE,WHITE","أيرميت,أيربود,غلاف,شحن,ذكي,–,أبيض",AIRMATE-AIRPOD-WIRELESS-CHARGING-CASE-WHITE,"• Wireless Charging Case.
• Protective Case.
• Standred: Qi
• Input: 5V/1A
• Conversation Rate: <80%
• Output: 5V/0.5A
• Size: 50*65*29.5mm","• علبة الشحن اللاسلكي.
• حافظة واقية.
• قياسي : Qi
• الإدخال: 5 فولت / 1 أمبير
• معدل المحادثة: <80٪
• المخرج: 5 فولت / 0.5 أمبير
• الحجم: 50 * 65 * 29.5 ملم"
31,,6942936704406.0,MGT-CC-01,,ICONNECT CAR CHARGER 3IN1 CABLE,,اي كونكت وصلة شاحن سيارة 3 في 1,3.3,,,"ICONNECT,CAR,CHARGER,3IN1,CABLE","اي,كونكت,وصلة,شاحن,سيارة,3,في,1",ICONNECT-CAR-CHARGER-3IN1-CABLE,"
Exquisite nylon braided USB cable a multi USB cable is built with Apple lightning connector, USB-c connector and a standard micro USB connector for wider compatibility with more mobile USB devices.
Features: 
Reliable durability
The 3 metal connector heads are made of sturdy stainless steel for easy connection.
Wide compatibility
USB-c, lightning and micro USB connectors largely widen the cable’s purposes. It’s widely compatible with android, apple, and USB-c smartphones, tablets and other devices.
Charge and data sync cable
All the heads of this cable can be used for fast charging and transferring data to your devices. It adopts the anti-oxidation copper wire material that can ensure a stable current and a safe charging environment.
High-Quality.
Lightning, Type-C & Micro USB.","نظرة عامة:

كبل USB مضفر من النايلون الرائع تم تصميم كبل USB متعدد مع موصل Apple lightning وموصل USB-c وموصل USB صغير قياسي لتوافق أوسع مع المزيد من أجهزة USB المحمولة.

ميزات:

متانة موثوقة
رؤوس الموصلات المعدنية الثلاثة مصنوعة من الفولاذ المقاوم للصدأ المتين لسهولة التوصيل.

توافق واسع
تعمل موصلات USB-c و lightning و micro USB على توسيع أغراض الكبل إلى حد كبير. إنه متوافق على نطاق واسع مع الهواتف الذكية والأجهزة اللوحية التي تعمل بنظام Android و apple و USB-c والأجهزة الأخرى.

كابل الشحن ومزامنة البيانات
يمكن استخدام جميع رؤوس هذا الكابل للشحن السريع ونقل البيانات إلى أجهزتك. إنها تعتمد مادة الأسلاك النحاسية المضادة للأكسدة التي يمكن أن تضمن تيارًا مستقرًا وبيئة شحن آمنة.
جودة عالية.
Lightning من النوع C و Micro USB."
32,,6942936706110.0,MGT-IC-05BLK,,ICONNECT 3IN1 5FT CHARGING CABLE NYLON BRAIDED - BLACK,,اي كونكت وصلة شحن نايلون 3 في 1 بطول 5 قدم - أسود,3.0,,,"ICONNECT,3IN1,5FT,CHARGING,CABLE,NYLON,BRAIDED,BLACK","اي,كونكت,وصلة,شحن,نايلون,3,في,1,بطول,5,قدم,أسود",ICONNECT-3IN1-5FT-CHARGING-CABLE-NYLON-BRAIDED-BLACK,"3 in 1 fast charge sync cable
Length: 5 feet nylon braided
Lightning, type C & micro USB.
Fast charging.
Exquisite Nylon Braided USB Cable:
Multi USB cable is built with Apple Lightning connector, USB-C connector and standard Micro USB connector for wider compatibility with more mobile USB devices
Reliable Durability:
The 3 metal connector heads are made of sturdy stainless steel for easy connection
Wide Compatibility:
USB-C, Lightning and Micro USB connectors largely widen the cable’s purposes. It’s widely compatible with Android, Apple and USB-C smartphones, tablets and other devices
Charge and Data Sync Cable:
All the heads of this cable can be used for fast charging and transferring data to your devices. It adopts the anti-oxidation copper wire material that can ensure a stable current and a safe charging environment","3 في 1 كابل مزامنة سريع الشحن
الطول: 5 أقدام نايلون مضفر
Lightning من النوع C و micro USB.
شحن سريع.
كابل USB مضفر من النايلون الرائع:
تم تصميم كبل USB متعدد مع موصل Apple Lightning وموصل USB-C وموصل Micro USB قياسي لتوافق أوسع مع المزيد من أجهزة USB المحمولة.

متانة موثوقة:
رؤوس الموصلات المعدنية الثلاثة مصنوعة من الفولاذ المقاوم للصدأ المتين لسهولة التوصيل.

توافق واسع:
تعمل موصلات USB-C و Lightning و Micro USB على توسيع نطاق أغراض الكابل. إنه متوافق على نطاق واسع مع الهواتف الذكية والأجهزة اللوحية والأجهزة الأخرى التي تعمل بنظام Android و Apple و USB-C.

كابل الشحن ومزامنة البيانات:
يمكن استخدام جميع رؤوس هذا الكابل للشحن السريع ونقل البيانات إلى أجهزتك. إنها تعتمد مادة الأسلاك النحاسية المضادة للأكسدة التي يمكن أن تضمن تيارًا مستقرًا وبيئة شحن آمنة."
33,,6942936706868.0,MGT-ICG8BL,,AUTO STOP 3IN1 ICONNECT 8.2FT AUTOSTOP NYLON BRAIDED - BLACK,,اوتو ستوب وصلة شحن نايلون 3 في 1 بطول 8.2 قدم - أسود,7.0,,,"AUTO,STOP,3IN1,ICONNECT,8.2FT,AUTOSTOP,NYLON,BRAIDED,BLACK","اوتو,ستوب,وصلة,شحن,نايلون,3,في,1,بطول,8.2,قدم,أسود",AUTO-STOP-3IN1-ICONNECT-8.2FT-AUTOSTOP-NYLON-BRAIDED-BLACK,"• High-Quality.
• Length: 8.2 FT.
• 3 In 1 Fast Charging Sync Cable.
• Lightning, Type-C & Micro USB.","• جودة عالية.
• الطول: 8.2 قدم
• 3 في 1 كابل مزامنة سريع الشحن.
• Lightning و Type C و Micro USB."
34,,6942936707919.0,MGT-IGS10LT,,IGUARD S10E GLASS,,اي جرد زجاج اي جرد اس 10 اي,8.25,,,"IGUARD,S10E,GLASS","اي,جرد,زجاج,اي,جرد,اس,10,اي",IGUARD-S10E-GLASS,"• Ultra-thin.
• Full-Screen Coverage.
• Edge to Edge Protection.
• Highly durable and scratch-resistant.","• نحيف للغاية.
• تغطية كاملة للشاشة.
• حماية من الحافة إلى الحافة.
• متينة للغاية ومقاومة للخدش."
35,,6942936705632.0,MGT-IGXFB,,IGUARD PREMIUM GLASS PROTECTOR FOR X/XS,,اي جرد واقي شاشة لأجهزة آيفون,8.0,,,"IGUARD,PREMIUM,GLASS,PROTECTOR,FOR,X,XS","اي,جرد,واقي,شاشة,لأجهزة,آيفون",IGUARD-PREMIUM-GLASS-PROTECTOR-FOR-X-XS,"• Compatible with Apple iPhone X/XS.
• Premium protection against scratches and cracks.
• Does not interfere with touchscreen sensitivity.
• Easy to clean.","• متوافق مع Apple iPhone X / XS.
• حماية ممتازة ضد الخدوش والشقوق.
• لا يتعارض مع حساسية الشاشة التي تعمل باللمس.
• سهل التنظيف."
36,,784099381560.0,LNK-M-MSB01859-BK,,CELLAIRIS MINI POWER SUCTION 10000 MAH - BLACK,,سيليريز ميني باور بنك طاقة بكؤوس شفط سعة 10000 مل أمبير ساعي – أسود,12.0,,,"CELLAIRIS,MINI,POWER,SUCTION,10000,MAH,BLACK","سيليريز,ميني,باور,بنك,طاقة,بكؤوس,شفط,سعة,10000,مل,أمبير,ساعي,–,أسود",CELLAIRIS-MINI-POWER-SUCTION-10000-MAH-BLACK,"• Brand: Cellairis
• Trio Input Port: Lightning, Micro USB & Type-C
• LED Power Indicators
• Suction Cups
• Capacity: 10000mAh","• الماركة: Cellairis
• منفذ الإدخال الثلاثي: Lightning و Micro USB و Type-C
• مؤشرات طاقة LED
• أكواب شفط
• السعة: 10000 مللي أمبير"
37,,784099381850.0,LNK-M-MWS01947,,CELLAIRIS MAJESTY TWS WIRELESS EARPHONE DARKGREY BRUSHED - ALUMINUM,,سيليريز سماعات MAJESTY TWS اللاسلكية رمادي غامق أملس - ألمنيوم,19.95,OUT OF STOCK,,"CELLAIRIS,MAJESTY,TWS,WIRELESS,EARPHONE,DARKGREY,BRUSHED,ALUMINUM","سيليريز,سماعات,MAJESTY,TWS,اللاسلكية,رمادي,غامق,أملس,ألمنيوم",CELLAIRIS-MAJESTY-TWS-WIRELESS-EARPHONE-DARKGREY-BRUSHED-ALUMINUM,"• Brand: Cellairis
• Majesty Tws Wireless Earphone
• Color: Dark Grey Brushed
• Material: Aluminum","• الماركة: Cellairis
• سماعة ماجستي Tws اللاسلكية
• اللون: رمادي غامق ناعم
• المواد: الألومنيوم"
38,,711463997638.0,LNK-M-TSP02410,BLACK,CELLAIRIS STYLUS TOUCH SCREEN PEN - BLACK,,سيليريز قلم لمس - أسود,2.95,OUT OF STOCK,,"CELLAIRIS,STYLUS,TOUCH,SCREEN,PEN,BLACK","سيليريز,قلم,لمس,أسود",CELLAIRIS-STYLUS-TOUCH-SCREEN-PEN-BLACK,"• Best styles pen for All touch screen devices.
• Fast and lightweight for long time use.
• Lightweight.
• Works with all touch screen devices.
• Easy to use.
• Safe to use.
• Leaves no scratch on your touchscreen.","• أفضل أنماط أقلام لجميع أجهزة الشاشات التي تعمل باللمس.
• سريع وخفيف الوزن للاستخدام لفترة طويلة.
• وزن خفيف.
• يعمل مع جميع أجهزة الشاشات التي تعمل باللمس.
• سهل الاستخدام.
• آمن للاستخدام.
• لا يترك أي خدش على الشاشة التي تعمل باللمس."
38,,711463997652.0,LNK-M-TSP02412,SILVER,CELLAIRIS STYLUS TOUCH SCREEN PEN - SILVER,,سيليريز قلم لمس - فضي,2.95,OUT OF STOCK,,"CELLAIRIS,STYLUS,TOUCH,SCREEN,PEN,SILVER","سيليريز,قلم,لمس,فضي",CELLAIRIS-STYLUS-TOUCH-SCREEN-PEN-SILVER,,
39,,6959633391392.0,LNK-CACW-09,,TOTU JOE SERIES WIRELESS CHARGER,,توتو جوي سيريز شاحن لاسلكي,7.5,,,"TOTU,JOE,SERIES,WIRELESS,CHARGER","توتو,جوي,سيريز,شاحن,لاسلكي",TOTU-JOE-SERIES-WIRELESS-CHARGER,"• Glass fast charge.
• Small and exquisite Easy to carry.
• Upgrade chip: Automatic identification model, the fast filling of the exclusive iPhone X.
• Fast speed charging Comparable to the original A maximum of 10 watts of charging power Provide safe and fast charging
• Intelligent recognition: Support two kinds of output power of 5 W or 10 W, mobile phone can be automatically matched.
• 8mm Induction distance Wearing a cell phone shell can also be recharged normally.","• شاحن زجاجي سريع.
• تصميم صغير ورائع يسهل حمله.
• الرقاقة : نموذج التعرف التلقائي، شحن سريع حصرياً لأجهزة آيفون X.
• شحن سريع مقارنة بالأصلي بحد أقصى وقدره 10 واط من طاقة الشحن مع توفير شحن آمن وسريع.
• التعرف الذكي: دعم نوعين من انتاج الطاقة من 5 واط أو 10 واط، يمكن مطابقة الهاتف المحمول تلقائيًا.
• المسافة التعريفية 8 مم تعمل على الهواتف حتى لو كانت ضمن غطاء كما يمكن أيضاً إعادة شحنها بشكل طبيعي."
40,,6959633397251.0,LNK-DCCD-05-BK,,TOTU SMART DUAL USB CAR CHARGER 1.2M 2IN1 CABLE - STAINLESS STEEL,,توتو سمارت شاحن كابل شاحن للسيارة مزدوج يو إس بي بطول 1.2 متر - ستانلس ستيل,6.5,OUT OF STOCK,,"TOTU,SMART,DUAL,USB,CAR,CHARGER,1.2M,2IN1,CABLE,STAINLESS,STEEL","توتو,سمارت,شاحن,كابل,شاحن,للسيارة,مزدوج,يو,إس,بي,بطول,1.2,متر,ستانلس,ستيل",TOTU-SMART-DUAL-USB-CAR-CHARGER-1.2M-2IN1-CABLE-STAINLESS-STEEL,"• Dual USB car charger.
• 2 in 1 car phone charger.
• Lightning & micro USB.
• Fast charging.","• شاحن يو إس بي مزدوج للسيارة
• شاحن هواتف للسيارة 2 في 1
• موصلات لايتننج ومايكرو يو إس بي
• توفير شحن سريع"
41,,6959633398838.0,LNK-DCCL-02-BK,,TOTU MULTIFUNCITON CABLE CAR CHARGER UP TO 150CM,,توتو كابل شاحن للسيارة متعدد الوظائف - بطول 150سم,5.0,OUT OF STOCK,,"TOTU,MULTIFUNCITON,CABLE,CAR,CHARGER,UP,TO,150CM","توتو,كابل,شاحن,للسيارة,متعدد,الوظائف,بطول,150سم",TOTU-MULTIFUNCITON-CABLE-CAR-CHARGER-UP-TO-150CM,"• One port three spring line car charger.
• 3 in 1 car phone charger.
• Lightning, micro and type-c spring cable.
• Fast charging.","• منفذ واحد لثلاثة للشحن في للسيارة مع سلك لولبي
• شاحن هواتف للسيارة 3 في 1
• موصلات لايتننج ومايكرو يو إس بي ويو إس بي فئة سي
• توفير شحن سريع"
42,,6959633390085.0,LNK-DCTV-02,,TOTU ALIGATOR CLIP STYLE HOLDER,,توتو آليغيتور حامل هواتف للسيارة مزود بمشبك,5.5,,,"TOTU,ALIGATOR,CLIP,STYLE,HOLDER","توتو,آليغيتور,حامل,هواتف,للسيارة,مزود,بمشبك",TOTU-ALIGATOR-CLIP-STYLE-HOLDER,"• Steady and durable.
• Safe travel mini exquisite.
• Flexible 360 degree rotation.
• Long lasting use.
• Securely drive no block driver's view, securely drive, safe travel.
• Compatible with without shaking 4.6-7 inch devices.
• Multi-direction adjustable more flexible angles compact size.
• No fear of violent turbulence with the help of the gravity of the mobile phone, arm clamping lock, firmly lock the mobile phone.","• ثابت ومتين.
• تصميم مدمج وصغير وآمن للسفر على نحو رائع.
• مرونة دوران كامل 360 درجة.
• استخدام طويل الأمد.
• قيادة آمنة وجهة نظر مريحة للسائق، آمنة خلال السفر.
• متوافق من دون اهتزاز مع الأجهزة التي تمتلك شاشات بحجم يتراوح ما بين 4.6 إلى 7 بوصة.
• متعدد الاتجاه وقابل للتعديل، أكثر مرونة، وحجم زوايا المدمجة.
• لا خوف من الصدمات العنيفة ولا خوف أو خطورة على الهاتف المحمول، قفل الذراع، قفل الهاتف المحمول بإحكام."
43,,6959633399538.0,LNK-T-CMDCTV05,,TOTU U SHIELD GRAVITY EXQUISITE CAR MOUNT - BLACK,,توتو يو شيلد جرافيتي إكسكويزت حامل تعليق هاتف للسيارة – أسود,6.0,OUT OF STOCK,,"TOTU,U,SHIELD,GRAVITY,EXQUISITE,CAR,MOUNT,BLACK","توتو,يو,شيلد,جرافيتي,إكسكويزت,حامل,تعليق,هاتف,للسيارة,–,أسود",TOTU-U-SHIELD-GRAVITY-EXQUISITE-CAR-MOUNT-BLACK,"• Single hand operation gravity car mount.
• Mechanical linkage principle free stretching.
• Charging does not affect operation practical and convenient.
• Silicone protection no longer worry about scratching your phone and car.
• Reserve charging socket reserved data line charging interface, driving more worry free.
• Firm and not loose add silicone protection, anti-skid and shockproof, plug and stabilize.","• حامل تعليق للسيارة مع آلية تحكم بيد واحدة.
• آلية تثبيت ميكانيكية مع آلية التمديد الحر.
• تثبيت مريح ولا يؤثر على الهاتف، كما يمكن شحنه أثناء وجوده على الحامل.
• مع حماية بطبقة من السيليكون تعني أنه لم يعد هناك قلق بشأن تعرض الهاتف أو سطح التعليق في السيارة لخدش.
• مدخل محدد للشحن ليمر منه كابل الشحن إلى الهاتف على الحامل، لقيادة أكثر راحة دون قلق.
• تثبيت محكم خالي من الفراغات بفضل وجود طبقة سميكة من السيليكون للحد من الفراغ ولإضافة  مزيد من الحماية، مع منع السقوط والانزلاق والصدمات، مع أعلى مستوى من الثبات والاستقرار."
44,,8886463664100.0,B2B-UNIQ-42MM-KRDUBK,BLACK,UNIQ KRONOS DUFFLE FOR APPLE WATCH 42MM LEATHER DALLAS - BLACK,,يونيك كرونوس دوفل رباط معصم جلدي دالاس لساعة يد آبـل 42 مم – أسود,11.5,OUT OF STOCK,,"UNIQ,KRONOS,DUFFLE,FOR,APPLE,WATCH,42MM,LEATHER,DALLAS,BLACK","يونيك,كرونوس,دوفل,رباط,معصم,جلدي,دالاس,لساعة,يد,آبـل,42,مم,–,أسود",UNIQ-KRONOS-DUFFLE-FOR-APPLE-WATCH-42MM-LEATHER-DALLAS-BLACK,"• Easy slide for quick installation
• With genuine leather
• Deftly hand-stitched and crafted
• Latest apple watch strap
• The perfect match for your Apple watch
• Compatible with Apple watch 42mm","• شريحة سهلة للتركيب السريع
• مصنوع من الجلد الطبيعي
• أطرف مخيطة ومتينة
• أحدث رباط لساعة يد آبـل
• مطابقة مثالية مع ساعة يد آبـل
• متوافق مع ساعة يد آبـل 42 مم"
44,,8886463664124.0,B2B-UNIQ-42MM-KRDUBU,NAVY BLUE,UNIQ KRONOS DUFFLE FOR APPLE WATCH 42MM LEATHER STERLING - NAVY BLUE,,يونيك كرونوس دوفل رباط معصم جلدي دالاس لساعة يد آبـل 42 مم – أزرق بحري,11.5,OUT OF STOCK,,"UNIQ,KRONOS,DUFFLE,FOR,APPLE,WATCH,42MM,LEATHER,STERLING,NAVY,BLUE","يونيك,كرونوس,دوفل,رباط,معصم,جلدي,دالاس,لساعة,يد,آبـل,42,مم,–,أزرق,بحري",UNIQ-KRONOS-DUFFLE-FOR-APPLE-WATCH-42MM-LEATHER-STERLING-NAVY-BLUE,,
45,,8886463664230.0,B2B-UNIQ-FUELE-KBK,OBSDN KNIT BLK,UNIQ FUELE KANVAS 10000MAH USB-C PD SLIM PWR BANK - OBSDN KNIT BLK,,يونيك فويل كانفاس بنك طاقة رقيق سعة 10000 مل أمبير ساعي بمنفذ USB فئة سي,16.75,,,"UNIQ,FUELE,KANVAS,10000MAH,USB-C,PD,SLIM,PWR,BANK,OBSDN,KNIT,BLK","يونيك,فويل,كانفاس,بنك,طاقة,رقيق,سعة,10000,مل,أمبير,ساعي,بمنفذ,USB,فئة,سي",UNIQ-FUELE-KANVAS-10000MAH-USB-C-PD-SLIM-PWR-BANK-OBSDN-KNIT-BLK,"• Extremely Easy To Operate.
• Dual USB Output.
• Low Power Consumption.
• Premium Looks With A Unique Design.
• 10000mAh USB-C PD Power Bank
• Compatible with all smartphones","• سهل التشغيل للغاية.
• مخرج USB مزدوج.
• استهلاك منخفض للطاقة.
• مظهر مميز بتصميم فريد.
• تبلغ سعة بنك الطاقة 10000 مل أمبير ساعي تشحن عبر منفذ USB فئة سي PD.
• متوافق مع جميع الهواتف الذكية"
45,,8886463664247.0,B2B-UNIQ-FUELE-KGREY,MIST GREY,UNIQ FUELE KANVAS 10000MAH USB-C PD SLIM PWR BANK VEL - MIST GREY,,يونيك فويل كانفاس بنك طاقة رقيق سعة 10000 مل أمبير ساعي بمنفذ USB فئة سي,16.75,,,"UNIQ,FUELE,KANVAS,10000MAH,USB-C,PD,SLIM,PWR,BANK,VEL,MIST,GREY","يونيك,فويل,كانفاس,بنك,طاقة,رقيق,سعة,10000,مل,أمبير,ساعي,بمنفذ,USB,فئة,سي",UNIQ-FUELE-KANVAS-10000MAH-USB-C-PD-SLIM-PWR-BANK-VEL-MIST-GREY,,
46,,8886463666333.0,B2B-UNIQ-IP5.8H-DBK,BLACK,UNIQ HYBRID IPHONE XS/X DUFFLE - DALLAS - BLACK,,يونيك هايبرد غطاء حماية من المطر لأجهزة آبل آيفون XS / X - أسود,12.0,OUT OF STOCK,,"UNIQ,HYBRID,IPHONE,XS,X,DUFFLE,DALLAS,BLACK","يونيك,هايبرد,غطاء,حماية,من,المطر,لأجهزة,آبل,آيفون,XS,X,أسود",UNIQ-HYBRID-IPHONE-XS-X-DUFFLE-DALLAS-BLACK,"• Uniq Hybrid Case.
• Rain Proof Case.
• Compatible Devices Model: Apple iPhone Xs/x.
• Mobile Accessory Type: Cases & Covers.","• يونيك هايبرد غطاء حماية من المطر
• طراز الأجهزة المتوافقة: Apple iPhone Xs / x."
46,,8886463666340.0,B2B-UNIQ-IP5.8H-DCML,CAMEL,UNIQ HYBRID IPHONE XS/X DUFFLE - TANDY - CAMEL,,يونيك هايبرد غطاء حماية من المطر لأجهزة آبل آيفون XS / X - جملي,12.0,,,"UNIQ,HYBRID,IPHONE,XS,X,DUFFLE,TANDY,CAMEL","يونيك,هايبرد,غطاء,حماية,من,المطر,لأجهزة,آبل,آيفون,XS,X,جملي",UNIQ-HYBRID-IPHONE-XS-X-DUFFLE-TANDY-CAMEL,,
47,,8886463665541.0,B2B-UNIQ-IP5.8H-GOBK,,UNIQ HYBRID IPHONE XS/X GLAZE OMBRE - MIDAS - GRADIENT BLACK,,يونيك هايبرد غلاف غليز أومبر لجهاز آبـل آيفون X / XS – ميداس/أسود شفاف,7.5,OUT OF STOCK,,"UNIQ,HYBRID,IPHONE,XS,X,GLAZE,OMBRE,MIDAS,GRADIENT,BLACK","يونيك,هايبرد,غلاف,غليز,أومبر,لجهاز,آبـل,آيفون,X,XS,–,ميداس,أسود,شفاف",UNIQ-HYBRID-IPHONE-XS-X-GLAZE-OMBRE-MIDAS-GRADIENT-BLACK,"• Uniq Hybrid Case
• Mobile Accessory Type: Cases & Covers
• Compatible With: Apple
• 3D tempered glass cover with a holographic case
• Elegant Protective Uniq Glaze Ombre
• Made for Apple iPhone XS /X
• Protects Against Scratches, Abrasions and Other Surface Damage
• Exactly Fitting Cutouts, Protection of Control Buttons","• غلاف يونيك هايبرد
• النوع: ملحقات الهاتف المحمول (حافظات وأغطية)
• متوافق مع: آبل
• يونيك الأنيق غلاف مميز مع سطح ناعم ومصقول
• غطاء من الزجاج المقسى ثلاثي الأبعاد مع غلاف بنمط ثلاثي الأبعاد
• صنع لأبل آيفون إكس / إكس إس
• يحمي من الخدوش والتآكل والأضرار السطحية الأخرى
• تصميم دقيق بقواطع مناسبة، لحماية أزرار التحكم"
48,,8886463666234.0,B2B-UNIQ-IP5.8H-LBLU,,UNIQ HYBRID IPHONE XS/X LITHOS - AZURE - BLUE,,يونيك هايبرد غلاف ليثوس لجهاز آبـل آيفون X / XS - أزرق,5.5,,,"UNIQ,HYBRID,IPHONE,XS,X,LITHOS,AZURE,BLUE","يونيك,هايبرد,غلاف,ليثوس,لجهاز,آبـل,آيفون X, XS,أزرق",UNIQ-HYBRID-IPHONE-XS-X-LITHOS-AZURE-BLUE,"• Uniq Hybrid Case
• Mobile Accessory Type: Cases & Covers
• Compatible With: Apple
• 3D tempered glass cover with a holographic case
• Elegant Protective Uniq Glaze Ombre
• Made for Apple iPhone Xs / X
• Protects Against Scratches, Abrasions and Other Surface Damage
• Exactly Fitting Cutouts, Protection of Control Buttons","• غلاف يونيك هايبرد
• النوع: ملحقات الهاتف المحمول (حافظات وأغطية)
• متوافق مع: آبل
• يونيك الأنيق غلاف مميز مع سطح ناعم ومصقول
• غطاء من الزجاج المقسى ثلاثي الأبعاد مع غلاف بنمط ثلاثي الأبعاد
• صنع لأبل آيفون X / XS
• يحمي من الخدوش والتآكل والأضرار السطحية الأخرى
• تصميم دقيق بقواطع مناسبة، لحماية أزرار التحكم"
49,,8886463666425.0,B2B-UNIQ-IP6.5H-DFCL,,UNIQ HYBRID IPHONE XS MAX DUFFLE - TANDY - CAMEL,,يونيك هايبرد غلاف واقي من المطر لجهاز آيفون XS ماكس - جملي,12.0,OUT OF STOCK,,"UNIQ,HYBRID,IPHONE,XS,MAX,DUFFLE,TANDY,CAMEL","يونيك,هايبرد,غلاف,واقي,من,المطر,لجهاز,آيفون,XS,ماكس,جملي",UNIQ-HYBRID-IPHONE-XS-MAX-DUFFLE-TANDY-CAMEL,"• Luxurious Genuine Leather Case Uniq Duffle
• Made for Apple iPhone Xs Max
• Slot on Back of Credit Card Holder
• Quality Protection of the Device Against Surface Damage
• Suitable for Any Occasion","• غلاف من الجلد الأصلي الفاخر /يونيك دافل
• صنع لأبل آيفون XS ماكس
• فتحة على ظهر لوضع بطاقات الائتمان
• حماية عالية الجودة ضد الأضرار السطحية
• الخيار الأمثل لأي مناسبة
• التوافق آبل آيفون XS ماكس"
50,,8886463666319.0,B2B-UNIQ-IP6.5H-LBLU,,UNIQ HYBRID IPHONE XS MAX LITHOS - AZURE - BLUE,,يونيك هايبرد غلاف ليثوس لجهاز آبـل آيفون XS ماكس - أزرق,5.5,OUT OF STOCK,,"UNIQ,HYBRID,IPHONE,XS,MAX,LITHOS,AZURE,BLUE","يونيك,هايبرد,غلاف,ليثوس,لجهاز,آبـل,آيفون XS,ماكس,أزرق",UNIQ-HYBRID-IPHONE-XS-MAX-LITHOS-AZURE-BLUE,"• Uniq Hybrid Case
• Mobile Accessory Type: Cases & Covers
• Compatible With: Apple
• 3D tempered glass cover with a holographic case
• Elegant Protective Uniq Glaze Ombre
• Made for Apple iPhone XS Max
• Protects Against Scratches, Abrasions and Other Surface Damage
• Exactly Fitting Cutouts, Protection of Control Buttons","• غلاف يونيك هايبرد
• النوع: ملحقات الهاتف المحمول (حافظات وأغطية)
• متوافق مع: آبل
• يونيك الأنيق غلاف مميز مع سطح ناعم ومصقول
• غطاء من الزجاج المقسى ثلاثي الأبعاد مع غلاف بنمط ثلاثي الأبعاد
• صنع لأبل آيفون XS MAX
• يحمي من الخدوش والتآكل والأضرار السطحية الأخرى
• تصميم دقيق بقواطع مناسبة، لحماية أزرار التحكم"
